date,model_version,player_id,player_name,team,opponent,pitcher,lineup_spot,model_prob_pct,market_prob_pct,ev_pct,edge_pct,american_odds,bet_dollars,park_factor,pitcher_factor,weather_factor,season_pa,recent_pa,confidence,score,streak_factor,barrel_pct,xslg,platoon_factor,statcast_source,confidence_tier,qualified,filter_reasons
2026-06-15,v4,656941,Kyle Schwarber,PHI,MIA,Ryan Gusto,1,24.36,0.00,0.00,0.00,,0.00,1.100,1.091,1.007,311,90,0.0,0.24,0.917,,0.528,1.063,current,C,0,EV -999.0% (need ≥ +3%)|Edge -999.0% (need ≥ +2%)|No market odds available
2026-06-15,v4,607208,Trea Turner,PHI,MIA,Ryan Gusto,2,9.33,0.00,0.00,0.00,,0.00,1.133,1.091,0.994,313,87,0.0,0.09,0.890,,0.344,1.235,current,C,0,EV -999.0% (need ≥ +3%)|Edge -999.0% (need ≥ +2%)|No market odds available
2026-06-15,v4,547180,Bryce Harper,PHI,MIA,Ryan Gusto,3,17.95,0.00,0.00,0.00,,0.00,1.090,1.091,0.994,299,82,0.0,0.18,0.943,,0.548,1.245,current,C,0,EV -999.0% (need ≥ +3%)|Edge -999.0% (need ≥ +2%)|No market odds available
2026-06-15,v4,669016,Brandon Marsh,PHI,MIA,Ryan Gusto,4,14.99,0.00,0.00,0.00,,0.00,1.089,1.091,0.994,258,78,0.0,0.15,1.059,,0.444,1.135,current,C,0,EV -999.0% (need ≥ +3%)|Edge -999.0% (need ≥ +2%)|No market odds available
2026-06-15,v4,681082,Bryson Stott,PHI,MIA,Ryan Gusto,5,8.67,0.00,0.00,0.00,,0.00,1.092,1.091,0.994,248,75,0.0,0.09,0.890,,0.402,1.022,current,C,0,EV -999.0% (need ≥ +3%)|Edge -999.0% (need ≥ +2%)|No market odds available
2026-06-15,v4,592663,J.T. Realmuto,PHI,MIA,Ryan Gusto,6,12.38,0.00,0.00,0.00,,0.00,1.134,1.091,0.980,181,73,0.0,0.12,1.071,,0.385,1.254,current,C,0,EV -999.0% (need ≥ +3%)|Edge -999.0% (need ≥ +2%)|No market odds available
2026-06-15,v4,687282,Gabriel Rincones Jr.,PHI,MIA,Ryan Gusto,7,10.92,0.00,0.00,0.00,,0.00,1.063,1.091,1.007,7,7,0.0,0.11,1.000,,0.014,1.060,blended,C,0,EV -999.0% (need ≥ +3%)|Edge -999.0% (need ≥ +2%)|No market odds available
2026-06-15,v4,702222,Justin Crawford,PHI,MIA,Ryan Gusto,8,3.44,0.00,0.00,0.00,,0.00,1.081,1.091,0.994,215,56,0.0,0.03,0.890,,0.293,1.140,current,C,0,EV -999.0% (need ≥ +3%)|Edge -999.0% (need ≥ +2%)|No market odds available
2026-06-15,v4,624641,Edmundo Sosa,PHI,MIA,Ryan Gusto,9,9.54,0.00,0.00,0.00,,0.00,1.113,1.091,0.980,117,61,0.0,0.10,1.059,,0.445,0.807,current,C,0,EV -999.0% (need ≥ +3%)|Edge -999.0% (need ≥ +2%)|Expected PA 3.2 (need ≥ 3.3)|No market odds available
2026-06-15,v4,689414,Liam Hicks,MIA,PHI,Zack Wheeler,1,14.22,0.00,0.00,0.00,,0.00,1.089,1.095,1.007,273,87,0.0,0.14,0.947,,0.373,1.093,current,C,0,EV -999.0% (need ≥ +3%)|Edge -999.0% (need ≥ +2%)|No market odds available
2026-06-15,v4,672640,Otto Lopez,MIA,PHI,Zack Wheeler,2,7.18,0.00,0.00,0.00,,0.00,1.122,1.095,0.994,306,89,0.0,0.07,0.890,,0.450,1.034,current,C,0,EV -999.0% (need ≥ +3%)|Edge -999.0% (need ≥ +2%)|No market odds available
2026-06-15,v4,669065,Kyle Stowers,MIA,PHI,Zack Wheeler,3,10.56,0.00,0.00,0.00,,0.00,1.091,1.095,1.007,210,87,0.0,0.11,0.998,,0.391,1.202,current,C,0,EV -999.0% (need ≥ +3%)|Edge -999.0% (need ≥ +2%)|No market odds available
2026-06-15,v4,669364,Xavier Edwards,MIA,PHI,Zack Wheeler,4,5.05,0.00,0.00,0.00,,0.00,1.105,1.095,0.994,309,85,0.0,0.05,0.890,,0.410,0.700,current,C,0,EV -999.0% (need ≥ +3%)|Edge -999.0% (need ≥ +2%)|No market odds available
2026-06-15,v4,681715,Heriberto Hernández,MIA,PHI,Zack Wheeler,5,15.33,0.00,0.00,0.00,,0.00,1.134,1.095,0.980,150,64,0.0,0.15,1.048,,0.482,0.911,current,C,0,EV -999.0% (need ≥ +3%)|Edge -999.0% (need ≥ +2%)|No market odds available
2026-06-15,v4,683357,Owen Caissie,MIA,PHI,Zack Wheeler,6,11.37,0.00,0.00,0.00,,0.00,1.093,1.095,0.994,193,61,0.0,0.11,1.003,,0.384,1.000,current,C,0,EV -999.0% (need ≥ +3%)|Edge -999.0% (need ≥ +2%)|No market odds available
2026-06-15,v4,805300,Jakob Marsee,MIA,PHI,Zack Wheeler,7,3.82,0.00,0.00,0.00,,0.00,1.088,1.095,0.994,292,73,0.0,0.04,0.890,,0.309,0.889,current,C,0,EV -999.0% (need ≥ +3%)|Edge -999.0% (need ≥ +2%)|No market odds available
2026-06-15,v4,691788,Joe Mack,MIA,PHI,Zack Wheeler,8,9.31,0.00,0.00,0.00,,0.00,1.084,1.095,1.007,107,69,0.0,0.09,1.076,,0.371,1.000,current,C,0,EV -999.0% (need ≥ +3%)|Edge -999.0% (need ≥ +2%)|No market odds available
2026-06-15,v4,691594,Javier Sanoja,MIA,PHI,Zack Wheeler,9,4.32,0.00,0.00,0.00,,0.00,1.115,1.095,0.980,169,62,0.0,0.04,1.072,,0.300,0.700,current,C,0,EV -999.0% (need ≥ +3%)|Edge -999.0% (need ≥ +2%)|Expected PA 3.2 (need ≥ 3.3)|No market odds available
2026-06-15,v4,694362,Blake Dunn,CIN,NYM,Tobias Myers,1,8.39,0.00,0.00,0.00,,0.00,1.175,1.118,0.980,120,94,0.0,0.08,1.019,,0.311,1.248,current,C,0,EV -999.0% (need ≥ +3%)|Edge -999.0% (need ≥ +2%)|No market odds available
2026-06-15,v4,668709,JJ Bleday,CIN,NYM,Tobias Myers,2,21.47,0.00,0.00,0.00,,0.00,1.179,1.118,0.986,187,90,0.0,0.21,0.970,,0.512,1.101,current,C,0,EV -999.0% (need ≥ +3%)|Edge -999.0% (need ≥ +2%)|No market odds available
2026-06-15,v4,701398,Sal Stewart,CIN,NYM,Tobias Myers,3,12.02,0.00,0.00,0.00,,0.00,1.192,1.118,0.980,308,85,0.0,0.12,0.955,,0.477,0.840,current,C,0,EV -999.0% (need ≥ +3%)|Edge -999.0% (need ≥ +2%)|No market odds available
2026-06-15,v4,668715,Spencer Steer,CIN,NYM,Tobias Myers,4,11.91,0.00,0.00,0.00,,0.00,1.201,1.118,0.974,270,76,0.0,0.12,0.979,,0.485,0.737,current,C,0,EV -999.0% (need ≥ +3%)|Edge -999.0% (need ≥ +2%)|No market odds available
2026-06-15,v4,553993,Eugenio Suárez,CIN,NYM,Tobias Myers,5,12.50,0.00,0.00,0.00,,0.00,1.184,1.118,0.974,177,77,0.0,0.12,1.050,,0.338,0.839,current,C,0,EV -999.0% (need ≥ +3%)|Edge -999.0% (need ≥ +2%)|No market odds available
2026-06-15,v4,682622,Noelvi Marte,CIN,NYM,Tobias Myers,6,12.99,0.00,0.00,0.00,,0.00,1.165,1.118,0.974,62,60,0.0,0.13,1.052,,0.404,1.000,blended,C,0,EV -999.0% (need ≥ +3%)|Edge -999.0% (need ≥ +2%)|No market odds available
2026-06-15,v4,680574,Matt McLain,CIN,NYM,Tobias Myers,7,11.38,0.00,0.00,0.00,,0.00,1.209,1.118,0.980,267,72,0.0,0.11,1.067,,0.415,0.846,current,C,0,EV -999.0% (need ≥ +3%)|Edge -999.0% (need ≥ +2%)|No market odds available
2026-06-15,v4,663886,Tyler Stephenson,CIN,NYM,Tobias Myers,8,11.40,0.00,0.00,0.00,,0.00,1.209,1.118,0.980,200,71,0.0,0.11,1.018,,0.410,1.211,current,C,0,EV -999.0% (need ≥ +3%)|Edge -999.0% (need ≥ +2%)|No market odds available
2026-06-15,v4,695490,Edwin Arroyo,CIN,NYM,Tobias Myers,9,6.52,0.00,0.00,0.00,,0.00,1.169,1.118,0.980,35,35,0.0,0.07,1.000,,0.273,1.030,blended,C,0,EV -999.0% (need ≥ +3%)|Edge -999.0% (need ≥ +2%)|Expected PA 3.2 (need ≥ 3.3)|No market odds available
2026-06-15,v4,701807,Carson Benge,NYM,CIN,Chase Burns,1,12.06,13.74,-18.59,-1.68,575,0.00,1.167,1.031,0.980,272,87,57.4,0.12,0.994,,0.457,0.901,current,C,0,EV -18.6% (need ≥ +3%)|Edge -1.7% (need ≥ +2%)
2026-06-15,v4,666182,Bo Bichette,NYM,CIN,Chase Burns,2,9.91,12.07,-20.72,-2.16,700,0.00,1.190,1.031,0.980,313,84,64.2,0.10,1.071,,0.431,0.728,current,C,0,EV -20.7% (need ≥ +3%)|Edge -2.2% (need ≥ +2%)
2026-06-15,v4,665742,Juan Soto,NYM,CIN,Chase Burns,3,25.25,21.93,13.62,3.32,350,9.73,1.188,1.031,0.980,234,82,77.3,0.25,0.978,,0.624,1.081,current,B,1,
2026-06-15,v4,676724,Jared Young,NYM,CIN,Chase Burns,4,15.46,17.48,-14.97,-2.02,450,0.00,1.162,1.031,0.986,88,71,60.8,0.15,1.014,,0.463,1.000,current,C,0,EV -15.0% (need ≥ +3%)|Edge -2.0% (need ≥ +2%)
2026-06-15,v4,805999,A.J. Ewing,NYM,CIN,Chase Burns,5,8.40,10.82,-28.60,-2.42,750,0.00,1.163,1.031,0.980,123,77,49.9,0.08,1.039,,0.405,1.214,current,C,0,EV -28.6% (need ≥ +3%)|Edge -2.4% (need ≥ +2%)
2026-06-15,v4,543760,Marcus Semien,NYM,CIN,Chase Burns,6,16.10,12.36,20.75,3.74,650,7.98,1.199,1.031,0.974,284,78,68.7,0.16,1.062,,0.433,1.136,current,B,1,
2026-06-15,v4,683146,Brett Baty,NYM,CIN,Chase Burns,7,5.45,10.82,-53.68,-5.37,750,0.00,1.166,1.031,0.980,240,69,68.8,0.05,0.890,,0.368,1.176,current,C,0,EV -53.7% (need ≥ +3%)|Edge -5.4% (need ≥ +2%)
2026-06-15,v4,669004,MJ Melendez,NYM,CIN,Chase Burns,8,10.59,0.00,0.00,0.00,,0.00,1.200,1.031,0.986,125,56,0.0,0.11,1.001,,0.318,1.000,current,C,0,EV -999.0% (need ≥ +3%)|Edge -999.0% (need ≥ +2%)|No market odds available
2026-06-15,v4,682626,Francisco Alvarez,NYM,CIN,Chase Burns,9,11.31,0.00,0.00,0.00,,0.00,1.191,1.031,0.974,145,69,0.0,0.11,0.985,,0.442,1.029,current,C,0,EV -999.0% (need ≥ +3%)|Edge -999.0% (need ≥ +2%)|Expected PA 3.2 (need ≥ 3.3)|No market odds available
2026-06-15,v4,802139,JJ Wetherholt,STL,SD,Wandy Peralta,1,8.02,0.00,0.00,0.00,,0.00,1.011,0.978,0.978,298,85,0.0,0.08,0.975,,0.445,0.747,current,C,0,EV -999.0% (need ≥ +3%)|Edge -999.0% (need ≥ +2%)|No market odds available
2026-06-15,v4,671056,Iván Herrera,STL,SD,Wandy Peralta,2,12.73,0.00,0.00,0.00,,0.00,1.046,0.978,0.971,317,88,0.0,0.13,1.035,,0.430,1.344,current,C,0,EV -999.0% (need ≥ +3%)|Edge -999.0% (need ≥ +2%)|No market odds available
2026-06-15,v4,676475,Alec Burleson,STL,SD,Wandy Peralta,3,12.11,0.00,0.00,0.00,,0.00,1.010,0.978,0.978,301,87,0.0,0.12,1.076,,0.555,0.700,current,C,0,EV -999.0% (need ≥ +3%)|Edge -999.0% (need ≥ +2%)|No market odds available
2026-06-15,v4,691023,Jordan Walker,STL,SD,Wandy Peralta,4,18.22,0.00,0.00,0.00,,0.00,1.050,0.978,0.974,296,86,0.0,0.18,1.007,,0.523,1.220,current,C,0,EV -999.0% (need ≥ +3%)|Edge -999.0% (need ≥ +2%)|No market odds available
2026-06-15,v4,663457,Lars Nootbaar,STL,SD,Wandy Peralta,5,10.60,0.00,0.00,0.00,,0.00,1.011,0.978,0.974,40,40,0.0,0.11,1.000,,0.498,0.960,blended,C,0,EV -999.0% (need ≥ +3%)|Edge -999.0% (need ≥ +2%)|No market odds available
2026-06-15,v4,691026,Masyn Winn,STL,SD,Wandy Peralta,6,2.45,0.00,0.00,0.00,,0.00,1.044,0.978,0.974,266,83,0.0,0.02,0.890,,0.320,0.700,current,C,0,EV -999.0% (need ≥ +3%)|Edge -999.0% (need ≥ +2%)|No market odds available
2026-06-15,v4,699625,Jimmy Crooks,STL,SD,Wandy Peralta,7,8.43,0.00,0.00,0.00,,0.00,1.012,0.978,0.974,31,31,0.0,0.08,1.000,,0.390,0.960,blended,C,0,EV -999.0% (need ≥ +3%)|Edge -999.0% (need ≥ +2%)|No market odds available
2026-06-15,v4,691458,Blaze Jordan,STL,SD,Wandy Peralta,8,9.44,0.00,0.00,0.00,,0.00,1.046,0.978,0.971,15,15,0.0,0.09,1.000,,0.489,1.060,blended,C,0,EV -999.0% (need ≥ +3%)|Edge -999.0% (need ≥ +2%)|No market odds available
2026-06-15,v4,701675,Nathan Church,STL,SD,Wandy Peralta,9,4.69,0.00,0.00,0.00,,0.00,1.009,0.978,0.974,180,72,0.0,0.05,0.890,,0.378,0.700,current,C,0,EV -999.0% (need ≥ +3%)|Edge -999.0% (need ≥ +2%)|Expected PA 3.2 (need ≥ 3.3)|No market odds available
2026-06-15,v4,665487,Fernando Tatis Jr.,SD,STL,Dustin May,1,4.37,14.66,-71.60,-10.29,550,0.00,1.046,0.908,0.974,304,90,75.7,0.04,1.078,,0.416,0.700,current,C,0,EV -71.6% (need ≥ +3%)|Edge -10.3% (need ≥ +2%)
2026-06-15,v4,701538,Jackson Merrill,SD,STL,Dustin May,2,9.19,14.49,-41.18,-5.30,540,0.00,1.010,0.908,0.974,285,85,70.8,0.09,0.994,,0.428,0.971,current,C,0,EV -41.2% (need ≥ +3%)|Edge -5.3% (need ≥ +2%)
2026-06-15,v4,592518,Manny Machado,SD,STL,Dustin May,3,13.28,15.58,-20.32,-2.30,500,0.00,1.049,0.908,0.971,287,83,63.5,0.13,0.957,,0.395,0.989,current,C,0,EV -20.3% (need ≥ +3%)|Edge -2.3% (need ≥ +2%)
2026-06-15,v4,657757,Gavin Sheets,SD,STL,Dustin May,4,12.36,13.41,-7.30,-1.05,650,0.00,1.010,0.908,0.978,232,81,56.4,0.12,0.953,,0.414,1.186,current,C,0,EV -7.3% (need ≥ +3%)|Edge -1.1% (need ≥ +2%)
2026-06-15,v4,593428,Xander Bogaerts,SD,STL,Dustin May,5,8.06,12.08,-35.52,-4.02,700,0.00,1.049,0.908,0.971,264,76,68.8,0.08,0.890,,0.397,1.131,current,C,0,EV -35.5% (need ≥ +3%)|Edge -4.0% (need ≥ +2%)
2026-06-15,v4,695238,Will Wagner,SD,STL,Dustin May,6,3.93,0.00,0.00,0.00,,0.00,1.009,0.908,0.974,149,16,0.0,0.04,1.000,,0.346,1.060,blended,C,0,EV -999.0% (need ≥ +3%)|Edge -999.0% (need ≥ +2%)|No market odds available
2026-06-15,v4,664034,Ty France,SD,STL,Dustin May,7,10.13,11.59,-18.96,-1.46,700,0.00,1.046,0.908,0.974,145,67,52.1,0.10,0.890,,0.437,1.159,current,C,0,EV -19.0% (need ≥ +3%)|Edge -1.5% (need ≥ +2%)
2026-06-15,v4,823550,Sung-Mun Song,SD,STL,Dustin May,8,5.55,9.68,-47.27,-4.13,850,0.00,1.011,0.908,0.978,50,41,47.3,0.06,1.000,,0.313,1.060,blended,C,0,EV -47.3% (need ≥ +3%)|Edge -4.1% (need ≥ +2%)
2026-06-15,v4,660710,Rodolfo Durán,SD,STL,Dustin May,9,11.16,0.00,0.00,0.00,,0.00,1.055,0.908,0.971,44,44,0.0,0.11,1.030,,0.517,0.960,blended,C,0,EV -999.0% (need ≥ +3%)|Edge -999.0% (need ≥ +2%)|Expected PA 3.2 (need ≥ 3.3)|No market odds available
2026-06-15,v4,691718,Pete Crow-Armstrong,CHC,COL,Michael Lorenzen,1,19.78,0.00,0.00,0.00,,0.00,1.000,1.169,1.003,307,91,0.0,0.20,1.058,,0.483,1.086,current,C,0,EV -999.0% (need ≥ +3%)|Edge -999.0% (need ≥ +2%)|No market odds available
2026-06-15,v4,608324,Alex Bregman,CHC,COL,Michael Lorenzen,2,9.05,0.00,0.00,0.00,,0.00,1.000,1.169,1.000,326,89,0.0,0.09,1.019,,0.376,1.097,current,C,0,EV -999.0% (need ≥ +3%)|Edge -999.0% (need ≥ +2%)|No market odds available
2026-06-15,v4,683737,Michael Busch,CHC,COL,Michael Lorenzen,3,12.32,0.00,0.00,0.00,,0.00,1.000,1.169,1.003,316,88,0.0,0.12,1.046,,0.427,1.059,current,C,0,EV -999.0% (need ≥ +3%)|Edge -999.0% (need ≥ +2%)|No market odds available
2026-06-15,v4,673548,Seiya Suzuki,CHC,COL,Michael Lorenzen,4,14.56,0.00,0.00,0.00,,0.00,1.000,1.169,1.000,238,74,0.0,0.15,1.026,,0.433,1.047,current,C,0,EV -999.0% (need ≥ +3%)|Edge -999.0% (need ≥ +2%)|No market odds available
2026-06-15,v4,664023,Ian Happ,CHC,COL,Michael Lorenzen,5,19.23,0.00,0.00,0.00,,0.00,1.000,1.169,1.003,302,82,0.0,0.19,0.999,,0.449,1.038,current,C,0,EV -999.0% (need ≥ +3%)|Edge -999.0% (need ≥ +2%)|No market odds available
2026-06-15,v4,663538,Nico Hoerner,CHC,COL,Michael Lorenzen,6,3.34,0.00,0.00,0.00,,0.00,1.000,1.169,1.003,319,84,0.0,0.03,0.890,,0.375,0.747,current,C,0,EV -999.0% (need ≥ +3%)|Edge -999.0% (need ≥ +2%)|No market odds available
2026-06-15,v4,694208,Moisés Ballesteros,CHC,COL,Michael Lorenzen,7,9.07,0.00,0.00,0.00,,0.00,1.000,1.169,1.003,173,56,0.0,0.09,0.890,,0.388,1.000,current,C,0,EV -999.0% (need ≥ +3%)|Edge -999.0% (need ≥ +2%)|No market odds available
2026-06-15,v4,807713,Matt Shaw,CHC,COL,Michael Lorenzen,8,8.55,0.00,0.00,0.00,,0.00,1.000,1.169,1.003,110,38,0.0,0.09,0.890,,0.378,1.184,current,C,0,EV -999.0% (need ≥ +3%)|Edge -999.0% (need ≥ +2%)|No market odds available
2026-06-15,v4,621020,Dansby Swanson,CHC,COL,Michael Lorenzen,9,6.04,0.00,0.00,0.00,,0.00,1.000,1.169,1.000,264,69,0.0,0.06,0.890,,0.329,0.861,current,C,0,EV -999.0% (need ≥ +3%)|Edge -999.0% (need ≥ +2%)|Expected PA 3.2 (need ≥ 3.3)|No market odds available
2026-06-15,v4,650489,Willi Castro,COL,CHC,Shota Imanaga,1,11.07,0.00,0.00,0.00,,0.00,1.000,1.448,1.003,236,88,0.0,0.11,1.056,,0.356,0.787,current,C,0,EV -999.0% (need ≥ +3%)|Edge -999.0% (need ≥ +2%)|No market odds available
2026-06-15,v4,671289,Tyler Freeman,COL,CHC,Shota Imanaga,2,7.80,7.36,-2.50,0.44,1150,0.00,1.000,1.448,1.003,172,79,47.0,0.08,1.030,,0.366,1.500,current,C,0,EV -2.5% (need ≥ +3%)|Edge +0.4% (need ≥ +2%)
2026-06-15,v4,681198,TJ Rumfield,COL,CHC,Shota Imanaga,3,11.65,13.52,-12.62,-1.87,650,0.00,1.000,1.448,1.003,279,78,63.4,0.12,1.030,,0.400,0.700,current,C,0,EV -12.6% (need ≥ +3%)|Edge -1.9% (need ≥ +2%)
2026-06-15,v4,696100,Hunter Goodman,COL,CHC,Shota Imanaga,4,21.47,24.78,-17.34,-3.31,285,0.00,1.000,1.448,1.000,282,88,78.9,0.21,1.038,,0.454,0.902,current,C,0,EV -17.3% (need ≥ +3%)|Edge -3.3% (need ≥ +2%)
2026-06-15,v4,678662,Ezequiel Tovar,COL,CHC,Shota Imanaga,5,9.68,13.60,-32.24,-3.92,600,0.00,1.000,1.448,1.003,259,84,72.3,0.10,1.015,,0.400,0.700,current,C,0,EV -32.2% (need ≥ +3%)|Edge -3.9% (need ≥ +2%)
2026-06-15,v4,694249,Cole Carrigg,COL,CHC,Shota Imanaga,6,14.55,0.00,0.00,0.00,,0.00,1.000,1.448,1.003,28,28,0.0,0.15,1.000,,0.386,1.030,blended,C,0,EV -999.0% (need ≥ +3%)|Edge -999.0% (need ≥ +2%)|No market odds available
2026-06-15,v4,664983,Jake McCarthy,COL,CHC,Shota Imanaga,7,7.63,9.68,-27.51,-2.05,850,0.00,1.000,1.448,1.003,195,85,53.8,0.08,1.014,,0.395,0.700,current,C,0,EV -27.5% (need ≥ +3%)|Edge -2.0% (need ≥ +2%)
2026-06-15,v4,691720,Kyle Karros,COL,CHC,Shota Imanaga,8,7.12,10.82,-39.48,-3.70,750,0.00,1.000,1.448,1.003,238,68,66.6,0.07,0.890,,0.389,1.021,current,C,0,EV -39.5% (need ≥ +3%)|Edge -3.7% (need ≥ +2%)
2026-06-15,v4,690924,Braxton Fulford,COL,CHC,Shota Imanaga,9,8.21,0.00,0.00,0.00,,0.00,1.000,1.448,1.003,39,38,0.0,0.08,0.890,,0.307,1.060,blended,C,0,EV -999.0% (need ≥ +3%)|Edge -999.0% (need ≥ +2%)|Expected PA 3.2 (need ≥ 3.3)|No market odds available
2026-06-15,v4,592626,Joc Pederson,TEX,MIN,Mike Paredes,1,16.83,12.36,26.22,4.47,650,10.09,1.091,1.035,0.996,212,69,67.7,0.17,0.983,,0.416,1.000,current,B,1,
2026-06-15,v4,673962,Josh Jung,TEX,MIN,Mike Paredes,2,11.50,8.00,28.80,3.50,1050,7.68,1.141,1.035,0.996,283,86,63.0,0.12,0.984,,0.446,0.977,current,B,1,
2026-06-15,v4,694671,Wyatt Langford,TEX,MIN,Mike Paredes,3,9.21,8.76,-3.30,0.45,950,0.00,1.155,1.035,0.996,125,81,41.6,0.09,1.053,,0.368,0.700,current,C,0,EV -3.3% (need ≥ +3%)|Edge +0.5% (need ≥ +2%)
2026-06-15,v4,607043,Brandon Nimmo,TEX,MIN,Mike Paredes,4,9.20,10.82,-21.80,-1.62,750,0.00,1.094,1.035,0.996,299,78,63.6,0.09,0.890,,0.502,1.145,current,C,0,EV -21.8% (need ≥ +3%)|Edge -1.6% (need ≥ +2%)
2026-06-15,v4,669394,Jake Burger,TEX,MIN,Mike Paredes,5,11.94,13.25,-16.42,-1.31,600,0.00,1.149,1.035,0.996,281,75,57.6,0.12,1.021,,0.409,0.874,current,C,0,EV -16.4% (need ≥ +3%)|Edge -1.3% (need ≥ +2%)
2026-06-15,v4,696030,Alejandro Osuna,TEX,MIN,Mike Paredes,6,3.09,0.00,0.00,0.00,,0.00,1.072,1.035,0.996,116,65,0.0,0.03,1.000,,0.310,1.060,current,C,0,EV -999.0% (need ≥ +3%)|Edge -999.0% (need ≥ +2%)|No market odds available
2026-06-15,v4,683227,Cody Freeman,TEX,MIN,Mike Paredes,7,9.31,0.00,0.00,0.00,,0.00,1.105,1.035,0.996,121,13,0.0,0.09,1.000,,0.312,0.960,blended,C,0,EV -999.0% (need ≥ +3%)|Edge -999.0% (need ≥ +2%)|No market odds available
2026-06-15,v4,670032,Nicky Lopez,TEX,MIN,Mike Paredes,8,6.32,0.00,0.00,0.00,,0.00,1.081,1.035,0.996,54,54,0.0,0.06,0.890,,0.278,1.000,blended,C,0,EV -999.0% (need ≥ +3%)|Edge -999.0% (need ≥ +2%)|No market odds available
2026-06-15,v4,553869,Elias Díaz,TEX,MIN,Mike Paredes,9,10.24,0.00,0.00,0.00,,0.00,1.148,1.035,0.996,38,38,0.0,0.10,0.996,,0.362,0.960,blended,C,0,EV -999.0% (need ≥ +3%)|Edge -999.0% (need ≥ +2%)|Expected PA 3.2 (need ≥ 3.3)|No market odds available
2026-06-15,v4,668885,Austin Martin,MIN,TEX,MacKenzie Gore,1,4.11,0.00,0.00,0.00,,0.00,1.148,0.960,0.996,235,70,0.0,0.04,0.890,,0.325,1.153,current,C,0,EV -999.0% (need ≥ +3%)|Edge -999.0% (need ≥ +2%)|No market odds available
2026-06-15,v4,621439,Byron Buxton,MIN,TEX,MacKenzie Gore,2,20.65,0.00,0.00,0.00,,0.00,1.167,0.960,0.996,276,82,0.0,0.21,1.039,,0.512,0.700,current,C,0,EV -999.0% (need ≥ +3%)|Edge -999.0% (need ≥ +2%)|No market odds available
2026-06-15,v4,665019,Kody Clemens,MIN,TEX,MacKenzie Gore,3,15.78,0.00,0.00,0.00,,0.00,1.095,0.960,0.996,231,77,0.0,0.16,1.020,,0.452,0.958,current,C,0,EV -999.0% (need ≥ +3%)|Edge -999.0% (need ≥ +2%)|No market odds available
2026-06-15,v4,668904,Royce Lewis,MIN,TEX,MacKenzie Gore,4,14.01,0.00,0.00,0.00,,0.00,1.152,0.960,0.996,154,78,0.0,0.14,1.053,,0.379,1.094,current,C,0,EV -999.0% (need ≥ +3%)|Edge -999.0% (need ≥ +2%)|No market odds available
2026-06-15,v4,605137,Josh Bell,MIN,TEX,MacKenzie Gore,5,8.88,0.00,0.00,0.00,,0.00,1.117,0.960,0.996,278,70,0.0,0.09,1.073,,0.408,0.700,current,C,0,EV -999.0% (need ≥ +3%)|Edge -999.0% (need ≥ +2%)|No market odds available
2026-06-15,v4,693459,Kyler Fedko,MIN,TEX,MacKenzie Gore,6,9.71,0.00,0.00,0.00,,0.00,1.150,0.960,0.996,2,2,0.0,0.10,1.000,,,1.060,none,C,0,EV -999.0% (need ≥ +3%)|Edge -999.0% (need ≥ +2%)|No market odds available
2026-06-15,v4,807712,Luke Keaschall,MIN,TEX,MacKenzie Gore,7,4.52,0.00,0.00,0.00,,0.00,1.151,0.960,0.996,271,75,0.0,0.05,1.086,,0.333,1.357,current,C,0,EV -999.0% (need ≥ +3%)|Edge -999.0% (need ≥ +2%)|No market odds available
2026-06-15,v4,668952,Ryan Kreidler,MIN,TEX,MacKenzie Gore,8,7.56,0.00,0.00,0.00,,0.00,1.143,0.960,0.996,76,35,0.0,0.08,0.890,,0.429,0.858,blended,C,0,EV -999.0% (need ≥ +3%)|Edge -999.0% (need ≥ +2%)|No market odds available
2026-06-15,v4,656577,Alex Jackson,MIN,TEX,MacKenzie Gore,9,6.94,0.00,0.00,0.00,,0.00,1.150,0.960,0.996,33,33,0.0,0.07,1.000,,0.311,1.060,blended,C,0,EV -999.0% (need ≥ +3%)|Edge -999.0% (need ≥ +2%)|Expected PA 3.2 (need ≥ 3.3)|No market odds available
2026-06-15,v4,665161,Jeremy Peña,HOU,DET,Drew Anderson,1,10.61,0.00,0.00,0.00,,0.00,1.154,1.027,1.054,151,79,0.0,0.11,0.890,,0.445,1.000,current,C,0,EV -999.0% (need ≥ +3%)|Edge -999.0% (need ≥ +2%)|No market odds available
2026-06-15,v4,670541,Yordan Alvarez,HOU,DET,Drew Anderson,2,25.25,0.00,0.00,0.00,,0.00,1.056,1.027,1.054,316,87,0.0,0.25,0.999,,0.733,0.940,current,C,0,EV -999.0% (need ≥ +3%)|Edge -999.0% (need ≥ +2%)|No market odds available
2026-06-15,v4,572233,Christian Walker,HOU,DET,Drew Anderson,3,19.24,0.00,0.00,0.00,,0.00,1.154,1.027,1.054,301,86,0.0,0.19,0.986,,0.422,1.006,current,C,0,EV -999.0% (need ≥ +3%)|Edge -999.0% (need ≥ +2%)|No market odds available
2026-06-15,v4,670623,Isaac Paredes,HOU,DET,Drew Anderson,4,15.77,0.00,0.00,0.00,,0.00,1.157,1.027,1.054,277,82,0.0,0.16,1.051,,0.375,1.270,current,C,0,EV -999.0% (need ≥ +3%)|Edge -999.0% (need ≥ +2%)|No market odds available
2026-06-15,v4,514888,Jose Altuve,HOU,DET,Drew Anderson,5,13.53,0.00,0.00,0.00,,0.00,1.136,1.027,1.054,216,78,0.0,0.14,1.082,,0.353,1.125,current,C,0,EV -999.0% (need ≥ +3%)|Edge -999.0% (need ≥ +2%)|No market odds available
2026-06-15,v4,666211,Taylor Trammell,HOU,DET,Drew Anderson,6,5.23,0.00,0.00,0.00,,0.00,1.051,1.027,1.054,83,60,0.0,0.05,1.000,,0.293,1.060,blended,C,0,EV -999.0% (need ≥ +3%)|Edge -999.0% (need ≥ +2%)|No market odds available
2026-06-15,v4,701358,Cam Smith,HOU,DET,Drew Anderson,7,10.90,0.00,0.00,0.00,,0.00,1.150,1.027,1.054,273,76,0.0,0.11,1.011,,0.445,0.966,current,C,0,EV -999.0% (need ≥ +3%)|Edge -999.0% (need ≥ +2%)|No market odds available
2026-06-15,v4,694728,Brice Matthews,HOU,DET,Drew Anderson,8,9.03,0.00,0.00,0.00,,0.00,1.147,1.027,1.054,179,49,0.0,0.09,1.080,,0.380,0.700,current,C,0,EV -999.0% (need ≥ +3%)|Edge -999.0% (need ≥ +2%)|No market odds available
2026-06-15,v4,543877,Christian Vázquez,HOU,DET,Drew Anderson,9,6.45,0.00,0.00,0.00,,0.00,1.149,1.027,1.054,158,60,0.0,0.06,0.890,,0.269,0.975,current,C,0,EV -999.0% (need ≥ +3%)|Edge -999.0% (need ≥ +2%)|Expected PA 3.2 (need ≥ 3.3)|No market odds available
2026-06-15,v4,805808,Kevin McGonigle,DET,HOU,Kai-Wei Teng,1,12.14,0.00,0.00,0.00,,0.00,1.055,1.190,1.054,302,87,0.0,0.12,1.072,,0.446,1.022,current,C,0,EV -999.0% (need ≥ +3%)|Edge -999.0% (need ≥ +2%)|No market odds available
2026-06-15,v4,650402,Gleyber Torres,DET,HOU,Kai-Wei Teng,2,11.54,0.00,0.00,0.00,,0.00,1.150,1.190,1.054,190,85,0.0,0.12,1.012,,0.394,0.994,current,C,0,EV -999.0% (need ≥ +3%)|Edge -999.0% (need ≥ +2%)|No market odds available
2026-06-15,v4,681481,Kerry Carpenter,DET,HOU,Kai-Wei Teng,3,17.30,0.00,0.00,0.00,,0.00,1.057,1.190,1.054,157,58,0.0,0.17,1.004,,0.402,1.000,current,C,0,EV -999.0% (need ≥ +3%)|Edge -999.0% (need ≥ +2%)|No market odds available
2026-06-15,v4,682985,Riley Greene,DET,HOU,Kai-Wei Teng,4,14.34,0.00,0.00,0.00,,0.00,1.052,1.190,1.054,299,84,0.0,0.14,1.046,,0.460,1.057,current,C,0,EV -999.0% (need ≥ +3%)|Edge -999.0% (need ≥ +2%)|No market odds available
2026-06-15,v4,693307,Dillon Dingler,DET,HOU,Kai-Wei Teng,5,21.47,0.00,0.00,0.00,,0.00,1.160,1.190,1.054,268,86,0.0,0.21,1.014,,0.559,1.075,current,C,0,EV -999.0% (need ≥ +3%)|Edge -999.0% (need ≥ +2%)|No market odds available
2026-06-15,v4,690993,Colt Keith,DET,HOU,Kai-Wei Teng,6,7.98,0.00,0.00,0.00,,0.00,1.049,1.190,1.054,206,57,0.0,0.08,1.104,,0.397,1.000,current,C,0,EV -999.0% (need ≥ +3%)|Edge -999.0% (need ≥ +2%)|No market odds available
2026-06-15,v4,679529,Spencer Torkelson,DET,HOU,Kai-Wei Teng,7,17.73,0.00,0.00,0.00,,0.00,1.170,1.190,1.054,272,75,0.0,0.18,1.066,,0.400,1.159,current,C,0,EV -999.0% (need ≥ +3%)|Edge -999.0% (need ≥ +2%)|No market odds available
2026-06-15,v4,656716,Zach McKinstry,DET,HOU,Kai-Wei Teng,8,6.63,0.00,0.00,0.00,,0.00,1.051,1.190,1.054,159,66,0.0,0.07,1.060,,0.274,1.000,current,C,0,EV -999.0% (need ≥ +3%)|Edge -999.0% (need ≥ +2%)|No market odds available
2026-06-15,v4,681546,James Outman,DET,HOU,Kai-Wei Teng,9,7.67,0.00,0.00,0.00,,0.00,1.049,1.190,1.054,75,36,0.0,0.08,1.000,,0.277,1.000,blended,C,0,EV -999.0% (need ≥ +3%)|Edge -999.0% (need ≥ +2%)|Expected PA 3.2 (need ≥ 3.3)|No market odds available
2026-06-15,v4,606466,Ketel Marte,AZ,LAA,Walbert Ureña,1,11.12,0.00,0.00,0.00,,0.00,1.000,0.887,0.992,296,93,0.0,0.11,0.960,,0.508,0.913,current,C,0,EV -999.0% (need ≥ +3%)|Edge -999.0% (need ≥ +2%)|No market odds available
2026-06-15,v4,672695,Geraldo Perdomo,AZ,LAA,Walbert Ureña,2,6.96,0.00,0.00,0.00,,0.00,1.000,0.887,0.992,284,82,0.0,0.07,1.042,,0.348,1.065,current,C,0,EV -999.0% (need ≥ +3%)|Edge -999.0% (need ≥ +2%)|No market odds available
2026-06-15,v4,682998,Corbin Carroll,AZ,LAA,Walbert Ureña,3,15.33,0.00,0.00,0.00,,0.00,1.000,0.887,0.996,292,88,0.0,0.15,1.060,,0.492,1.192,current,C,0,EV -999.0% (need ≥ +3%)|Edge -999.0% (need ≥ +2%)|No market odds available
2026-06-15,v4,672515,Gabriel Moreno,AZ,LAA,Walbert Ureña,4,10.58,0.00,0.00,0.00,,0.00,1.000,0.887,0.992,184,83,0.0,0.11,1.055,,0.461,0.914,current,C,0,EV -999.0% (need ≥ +3%)|Edge -999.0% (need ≥ +2%)|No market odds available
2026-06-15,v4,666971,Lourdes Gurriel Jr.,AZ,LAA,Walbert Ureña,5,6.65,0.00,0.00,0.00,,0.00,1.000,0.887,0.984,102,81,0.0,0.07,1.065,,0.326,1.000,current,C,0,EV -999.0% (need ≥ +3%)|Edge -999.0% (need ≥ +2%)|No market odds available
2026-06-15,v4,571448,Nolan Arenado,AZ,LAA,Walbert Ureña,6,7.22,0.00,0.00,0.00,,0.00,1.000,0.887,0.984,253,78,0.0,0.07,0.890,,0.368,1.016,current,C,0,EV -999.0% (need ≥ +3%)|Edge -999.0% (need ≥ +2%)|No market odds available
2026-06-15,v4,691783,Jordan Lawlar,AZ,LAA,Walbert Ureña,7,5.33,0.00,0.00,0.00,,0.00,1.000,0.887,0.984,74,29,0.0,0.05,1.000,,0.343,0.960,blended,C,0,EV -999.0% (need ≥ +3%)|Edge -999.0% (need ≥ +2%)|No market odds available
2026-06-15,v4,656976,Pavin Smith,AZ,LAA,Walbert Ureña,8,6.14,0.00,0.00,0.00,,0.00,1.000,0.887,0.996,36,36,0.0,0.06,1.000,,0.303,1.060,blended,C,0,EV -999.0% (need ≥ +3%)|Edge -999.0% (need ≥ +2%)|No market odds available
2026-06-15,v4,694371,Tommy Troy,AZ,LAA,Walbert Ureña,9,7.61,0.00,0.00,0.00,,0.00,1.000,0.887,0.992,65,65,0.0,0.08,0.992,,0.391,1.000,blended,C,0,EV -999.0% (need ≥ +3%)|Edge -999.0% (need ≥ +2%)|Expected PA 3.2 (need ≥ 3.3)|No market odds available
2026-06-15,v4,687263,Zach Neto,LAA,AZ,Ryne Nelson,1,18.26,16.84,2.26,1.42,460,0.00,1.000,1.375,0.984,317,92,70.3,0.18,1.034,,0.390,1.027,current,C,0,EV +2.3% (need ≥ +3%)|Edge +1.4% (need ≥ +2%)
2026-06-15,v4,545361,Mike Trout,LAA,AZ,Ryne Nelson,2,19.92,19.45,3.58,0.47,420,0.00,1.000,1.375,0.984,322,92,75.3,0.20,0.942,,0.553,1.050,current,C,0,Edge +0.5% (need ≥ +2%)
2026-06-15,v4,685133,Wade Meckler,LAA,AZ,Ryne Nelson,3,11.72,9.68,11.34,2.04,850,0.00,1.000,1.375,0.992,68,68,50.1,0.12,0.890,,0.435,1.000,blended,C,1,
2026-06-15,v4,666176,Jo Adell,LAA,AZ,Ryne Nelson,4,10.58,14.78,-32.29,-4.20,540,0.00,1.000,1.375,0.992,301,85,77.9,0.11,0.972,,0.455,0.700,current,C,0,EV -32.3% (need ≥ +3%)|Edge -4.2% (need ≥ +2%)
2026-06-15,v4,694384,Nolan Schanuel,LAA,AZ,Ryne Nelson,5,7.72,0.00,0.00,0.00,,0.00,1.000,1.375,0.996,228,74,0.0,0.08,1.044,,0.380,1.023,current,C,0,EV -999.0% (need ≥ +3%)|Edge -999.0% (need ≥ +2%)|No market odds available
2026-06-15,v4,694203,Denzer Guzman,LAA,AZ,Ryne Nelson,6,9.87,0.00,0.00,0.00,,0.00,1.000,1.375,0.984,43,22,0.0,0.10,0.890,,0.326,0.960,blended,C,0,EV -999.0% (need ≥ +3%)|Edge -999.0% (need ≥ +2%)|No market odds available
2026-06-15,v4,681351,Logan O'Hoppe,LAA,AZ,Ryne Nelson,7,12.15,12.36,-8.88,-0.21,650,0.00,1.000,1.375,0.984,163,64,57.5,0.12,1.045,,0.349,1.291,current,C,0,EV -8.9% (need ≥ +3%)|Edge -0.2% (need ≥ +2%)
2026-06-15,v4,622268,Donovan Walton,LAA,AZ,Ryne Nelson,8,9.14,10.22,-17.74,-1.08,800,0.00,1.000,1.375,0.996,58,58,43.9,0.09,1.047,,0.396,1.060,blended,C,0,EV -17.7% (need ≥ +3%)|Edge -1.1% (need ≥ +2%)
2026-06-15,v4,672724,Oswald Peraza,LAA,AZ,Ryne Nelson,9,7.00,11.59,-44.00,-4.59,700,0.00,1.000,1.375,0.992,220,76,70.2,0.07,0.890,,0.403,0.700,current,C,0,EV -44.0% (need ≥ +3%)|Edge -4.6% (need ≥ +2%)|Expected PA 3.2 (need ≥ 3.3)
2026-06-15,v4,701762,Nick Kurtz,ATH,PIT,Jared Jones,1,19.75,0.00,0.00,0.00,,0.00,1.041,1.043,0.996,320,90,0.0,0.20,1.056,,0.515,1.015,current,C,0,EV -999.0% (need ≥ +3%)|Edge -999.0% (need ≥ +2%)|No market odds available
2026-06-15,v4,669127,Shea Langeliers,ATH,PIT,Jared Jones,2,20.10,0.00,0.00,0.00,,0.00,1.064,1.043,0.996,294,91,0.0,0.20,1.023,,0.542,0.863,current,C,0,EV -999.0% (need ≥ +3%)|Edge -999.0% (need ≥ +2%)|No market odds available
2026-06-15,v4,691016,Tyler Soderstrom,ATH,PIT,Jared Jones,3,14.03,0.00,0.00,0.00,,0.00,1.042,1.043,0.996,286,81,0.0,0.14,1.075,,0.429,0.748,current,C,0,EV -999.0% (need ≥ +3%)|Edge -999.0% (need ≥ +2%)|No market odds available
2026-06-15,v4,805779,Jacob Wilson,ATH,PIT,Jared Jones,4,7.37,0.00,0.00,0.00,,0.00,1.057,1.043,0.996,176,84,0.0,0.07,1.030,,0.330,1.284,current,C,0,EV -999.0% (need ≥ +3%)|Edge -999.0% (need ≥ +2%)|No market odds available
2026-06-15,v4,666126,Carlos Cortes,ATH,PIT,Jared Jones,5,10.73,0.00,0.00,0.00,,0.00,1.037,1.043,0.996,190,70,0.0,0.11,1.002,,0.470,1.000,current,C,0,EV -999.0% (need ≥ +3%)|Edge -999.0% (need ≥ +2%)|No market odds available
2026-06-15,v4,680869,Zack Gelof,ATH,PIT,Jared Jones,6,11.93,0.00,0.00,0.00,,0.00,1.061,1.043,0.996,200,84,0.0,0.12,1.034,,0.387,0.940,current,C,0,EV -999.0% (need ≥ +3%)|Edge -999.0% (need ≥ +2%)|No market odds available
2026-06-15,v4,671732,Lawrence Butler,ATH,PIT,Jared Jones,7,8.82,0.00,0.00,0.00,,0.00,1.037,1.043,0.996,192,44,0.0,0.09,1.044,,0.362,1.169,current,C,0,EV -999.0% (need ≥ +3%)|Edge -999.0% (need ≥ +2%)|No market odds available
2026-06-15,v4,703607,Henry Bolte,ATH,PIT,Jared Jones,8,4.90,0.00,0.00,0.00,,0.00,1.056,1.043,0.996,101,67,0.0,0.05,1.072,,0.315,0.700,current,C,0,EV -999.0% (need ≥ +3%)|Edge -999.0% (need ≥ +2%)|No market odds available
2026-06-15,v4,643446,Jeff McNeil,ATH,PIT,Jared Jones,9,3.64,0.00,0.00,0.00,,0.00,1.036,1.043,0.996,232,75,0.0,0.04,0.890,,0.341,1.175,current,C,0,EV -999.0% (need ≥ +3%)|Edge -999.0% (need ≥ +2%)|Expected PA 3.2 (need ≥ 3.3)|No market odds available
2026-06-15,v4,687462,Spencer Horwitz,PIT,ATH,J.T. Ginn,1,14.03,0.00,0.00,0.00,,0.00,1.040,0.959,0.996,259,92,0.0,0.14,1.018,,0.372,1.061,current,C,0,EV -999.0% (need ≥ +3%)|Edge -999.0% (need ≥ +2%)|No market odds available
2026-06-15,v4,664040,Brandon Lowe,PIT,ATH,J.T. Ginn,2,16.18,0.00,0.00,0.00,,0.00,1.044,0.959,0.996,289,85,0.0,0.16,0.983,,0.479,1.063,current,C,0,EV -999.0% (need ≥ +3%)|Edge -999.0% (need ≥ +2%)|No market odds available
2026-06-15,v4,668804,Bryan Reynolds,PIT,ATH,J.T. Ginn,3,9.54,0.00,0.00,0.00,,0.00,1.048,0.959,0.996,311,88,0.0,0.10,1.045,,0.445,0.793,current,C,0,EV -999.0% (need ≥ +3%)|Edge -999.0% (need ≥ +2%)|No market odds available
2026-06-15,v4,656811,Ryan O'Hearn,PIT,ATH,J.T. Ginn,4,14.40,0.00,0.00,0.00,,0.00,1.041,0.959,0.996,231,79,0.0,0.14,1.016,,0.411,1.077,current,C,0,EV -999.0% (need ≥ +3%)|Edge -999.0% (need ≥ +2%)|No market odds available
2026-06-15,v4,693304,Nick Gonzales,PIT,ATH,J.T. Ginn,5,4.86,0.00,0.00,0.00,,0.00,1.055,0.959,0.996,267,82,0.0,0.05,0.890,,0.402,1.343,current,C,0,EV -999.0% (need ≥ +3%)|Edge -999.0% (need ≥ +2%)|No market odds available
2026-06-15,v4,682848,Endy Rodríguez,PIT,ATH,J.T. Ginn,6,9.58,0.00,0.00,0.00,,0.00,1.056,0.959,0.996,68,64,0.0,0.10,1.024,,0.374,1.000,blended,C,0,EV -999.0% (need ≥ +3%)|Edge -999.0% (need ≥ +2%)|No market odds available
2026-06-15,v4,682997,Tyler Callihan,PIT,ATH,J.T. Ginn,7,10.88,0.00,0.00,0.00,,0.00,1.054,0.959,0.996,30,30,0.0,0.11,1.000,,0.299,1.060,blended,C,0,EV -999.0% (need ≥ +3%)|Edge -999.0% (need ≥ +2%)|No market odds available
2026-06-15,v4,663968,Jake Mangum,PIT,ATH,J.T. Ginn,8,4.10,0.00,0.00,0.00,,0.00,1.042,0.959,0.996,155,69,0.0,0.04,0.890,,0.323,1.258,current,C,0,EV -999.0% (need ≥ +3%)|Edge -999.0% (need ≥ +2%)|No market odds available
2026-06-15,v4,699013,Esmerlyn Valdez,PIT,ATH,J.T. Ginn,9,11.02,0.00,0.00,0.00,,0.00,1.080,0.959,0.996,21,21,0.0,0.11,1.000,,0.430,0.960,blended,C,0,EV -999.0% (need ≥ +3%)|Edge -999.0% (need ≥ +2%)|Expected PA 3.2 (need ≥ 3.3)|No market odds available
2026-06-15,v4,660271,Shohei Ohtani,LAD,TB,Nick Martinez,1,15.36,26.89,-46.24,-11.53,250,0.00,0.872,0.934,1.035,309,95,83.3,0.15,1.043,,0.570,0.914,current,C,0,EV -46.2% (need ≥ +3%)|Edge -11.5% (need ≥ +2%)
2026-06-15,v4,681624,Andy Pages,LAD,TB,Nick Martinez,2,14.31,18.30,-21.29,-3.99,450,0.00,0.939,0.934,1.027,301,95,74.4,0.14,0.983,,0.470,1.054,current,C,0,EV -21.3% (need ≥ +3%)|Edge -4.0% (need ≥ +2%)
2026-06-15,v4,518692,Freddie Freeman,LAD,TB,Nick Martinez,3,13.52,17.31,-25.64,-3.79,450,0.00,0.876,0.934,1.027,303,90,76.4,0.14,1.018,,0.499,1.032,current,C,0,EV -25.6% (need ≥ +3%)|Edge -3.8% (need ≥ +2%)
2026-06-15,v4,605141,Mookie Betts,LAD,TB,Nick Martinez,4,11.64,17.17,-37.14,-5.53,440,0.00,0.931,0.934,1.027,161,89,66.9,0.12,0.951,,0.438,1.000,current,C,0,EV -37.1% (need ≥ +3%)|Edge -5.5% (need ≥ +2%)
2026-06-15,v4,571970,Max Muncy,LAD,TB,Nick Martinez,5,15.55,23.83,-37.80,-8.28,300,0.00,0.872,0.934,1.035,251,69,81.6,0.16,0.987,,0.545,0.976,current,C,0,EV -37.8% (need ≥ +3%)|Edge -8.3% (need ≥ +2%)
2026-06-15,v4,663656,Kyle Tucker,LAD,TB,Nick Martinez,6,5.90,0.00,0.00,0.00,,0.00,0.875,0.934,1.035,293,87,0.0,0.06,1.021,,0.368,1.073,current,C,0,EV -999.0% (need ≥ +3%)|Edge -999.0% (need ≥ +2%)|No market odds available
2026-06-15,v4,669899,Ryan Ward,LAD,TB,Nick Martinez,7,10.15,15.99,-41.13,-5.84,480,0.00,0.883,0.934,1.035,41,41,56.3,0.10,0.985,,0.497,1.000,blended,C,0,EV -41.1% (need ≥ +3%)|Edge -5.8% (need ≥ +2%)
2026-06-15,v4,687221,Dalton Rushing,LAD,TB,Nick Martinez,8,9.04,19.47,-56.61,-10.43,380,0.00,0.884,0.934,1.035,136,70,64.0,0.09,0.935,,0.451,1.000,current,C,0,EV -56.6% (need ≥ +3%)|Edge -10.4% (need ≥ +2%)
2026-06-15,v4,690976,Alex Freeland,LAD,TB,Nick Martinez,9,5.41,10.82,-54.01,-5.41,750,0.00,0.908,0.934,1.027,160,63,61.2,0.05,0.890,,0.351,1.000,current,C,0,EV -54.0% (need ≥ +3%)|Edge -5.4% (need ≥ +2%)|Expected PA 3.2 (need ≥ 3.3)
2026-06-15,v4,650490,Yandy Díaz,TB,LAD,Eric Lauer,1,17.82,0.00,0.00,0.00,,0.00,0.942,1.494,1.027,286,88,0.0,0.18,0.951,,0.466,1.093,current,C,0,EV -999.0% (need ≥ +3%)|Edge -999.0% (need ≥ +2%)|No market odds available
2026-06-15,v4,666018,Jonathan Aranda,TB,LAD,Eric Lauer,2,10.71,0.00,0.00,0.00,,0.00,0.873,1.494,1.027,293,89,0.0,0.11,0.890,,0.477,0.700,current,C,0,EV -999.0% (need ≥ +3%)|Edge -999.0% (need ≥ +2%)|No market odds available
2026-06-15,v4,691406,Junior Caminero,TB,LAD,Eric Lauer,3,14.04,0.00,0.00,0.00,,0.00,0.944,1.494,1.017,300,90,0.0,0.14,0.942,,0.466,0.803,current,C,0,EV -999.0% (need ≥ +3%)|Edge -999.0% (need ≥ +2%)|No market odds available
2026-06-15,v4,668723,Ryan Vilade,TB,LAD,Eric Lauer,4,9.25,0.00,0.00,0.00,,0.00,0.939,1.494,1.027,119,70,0.0,0.09,1.006,,0.375,0.747,current,C,0,EV -999.0% (need ≥ +3%)|Edge -999.0% (need ≥ +2%)|No market odds available
2026-06-15,v4,810938,Ben Williamson,TB,LAD,Eric Lauer,5,5.52,0.00,0.00,0.00,,0.00,0.949,1.494,1.027,167,63,0.0,0.06,1.095,,0.349,1.500,current,C,0,EV -999.0% (need ≥ +3%)|Edge -999.0% (need ≥ +2%)|No market odds available
2026-06-15,v4,596103,Austin Slater,TB,LAD,Eric Lauer,6,6.56,0.00,0.00,0.00,,0.00,0.941,1.494,1.027,65,54,0.0,0.07,1.000,,0.273,1.060,blended,C,0,EV -999.0% (need ≥ +3%)|Edge -999.0% (need ≥ +2%)|No market odds available
2026-06-15,v4,656775,Cedric Mullins,TB,LAD,Eric Lauer,7,8.64,0.00,0.00,0.00,,0.00,0.871,1.494,1.035,237,79,0.0,0.09,1.077,,0.309,0.700,current,C,0,EV -999.0% (need ≥ +3%)|Edge -999.0% (need ≥ +2%)|No market odds available
2026-06-15,v4,663743,Nick Fortes,TB,LAD,Eric Lauer,8,2.98,0.00,0.00,0.00,,0.00,0.947,1.494,1.017,172,64,0.0,0.03,0.890,,0.338,0.700,current,C,0,EV -999.0% (need ≥ +3%)|Edge -999.0% (need ≥ +2%)|No market odds available
2026-06-15,v4,670764,Taylor Walls,TB,LAD,Eric Lauer,9,2.28,0.00,0.00,0.00,,0.00,0.904,1.494,1.027,181,67,0.0,0.02,1.000,,0.229,1.030,current,C,0,EV -999.0% (need ≥ +3%)|Edge -999.0% (need ≥ +2%)|Expected PA 3.2 (need ≥ 3.3)|No market odds available
