date,model_version,player_id,player_name,team,opponent,pitcher,lineup_spot,model_prob_pct,market_prob_pct,ev_pct,edge_pct,american_odds,bet_dollars,park_factor,pitcher_factor,weather_factor,season_pa,recent_pa,confidence,score,streak_factor,barrel_pct,xslg,platoon_factor,statcast_source,hr_result,profit_loss,notes
2026-04-24,v4,,682829,Elly De La Cruz,CIN,DET,Framber Valdez,,26.95,18.60,30.20,8.35,400,21.72,1.180,1.215,0.936,112,112,52.8,,,,,,void,0.00,
2026-04-24,v4,,669236,Jeremiah Jackson,BAL,BOS,Brayan Bello,,16.51,9.30,30.20,7.21,900,18.08,1.060,1.060,1.000,82,82,52.4,,,,,,void,0.00,
2026-04-24,v4,,668715,Spencer Steer,CIN,DET,Framber Valdez,,22.20,14.88,30.20,7.32,525,18.45,1.180,1.215,0.936,86,86,48.0,,,,,,void,0.00,
2026-04-24,v4,,691023,Jordan Walker,STL,SEA,George Kirby,,19.25,13.29,30.24,5.96,600,14.48,1.030,0.975,0.997,98,98,52.7,,,,,,void,0.00,
2026-04-24,v4,,642086,Dominic Smith,ATL,PHI,Andrew Painter,,16.44,10.94,30.19,5.50,750,13.25,1.050,1.053,1.011,63,63,38.3,,,,,,void,0.00,
2026-04-24,v4,,701398,Sal Stewart,CIN,DET,Framber Valdez,,27.85,20.67,25.33,7.18,350,18.09,1.180,1.215,0.936,108,108,55.1,,,,,,void,0.00,
2026-04-24,v4,,671739,Michael Harris II,ATL,PHI,Andrew Painter,,22.12,16.91,21.66,5.21,450,12.03,1.050,1.053,1.011,90,90,49.9,,,,,,void,0.00,
2026-04-24,v4,,663647,Ke'Bryan Hayes,CIN,DET,Framber Valdez,,12.54,9.30,25.40,3.24,900,7.06,1.180,1.215,0.936,65,65,35.9,,,,,,void,0.00,
2026-04-24,v4,,665750,Leody Taveras,BAL,BOS,Brayan Bello,,12.48,10.34,12.32,2.14,800,0.00,1.060,1.060,1.000,62,62,36.8,,,,,,void,0.00,
2026-04-24,v4,,669016,Brandon Marsh,PHI,ATL,Grant Holmes,,13.81,11.63,10.48,2.18,700,0.00,1.050,0.987,1.011,85,77,31.0,,,,,,void,0.00,
2026-04-24,v4,,667472,Dane Myers,CIN,DET,Framber Valdez,,17.73,14.88,10.81,2.85,525,5.15,1.180,1.215,0.936,38,38,16.5,,,,,,void,0.00,
2026-04-24,v4,682829,Elly De La Cruz,CIN,DET,Framber Valdez,,26.95,18.60,30.20,8.35,400,21.72,1.180,1.215,0.936,112,112,52.8,,,,,,,0,-21.72,
2026-04-24,v4,669236,Jeremiah Jackson,BAL,BOS,Brayan Bello,,16.51,9.30,30.20,7.21,900,18.08,1.060,1.060,1.000,82,82,52.4,,,,,,,0,-18.08,
2026-04-24,v4,668715,Spencer Steer,CIN,DET,Framber Valdez,,22.20,14.88,30.20,7.32,525,18.45,1.180,1.215,0.936,86,86,48.0,,,,,,,0,-18.45,
2026-04-24,v4,691023,Jordan Walker,STL,SEA,George Kirby,,19.25,13.29,30.24,5.96,600,14.48,1.030,0.975,0.997,98,98,52.7,,,,,,,0,-14.48,
2026-04-24,v4,642086,Dominic Smith,ATL,PHI,Andrew Painter,,16.44,10.94,30.19,5.50,750,13.25,1.050,1.053,1.011,63,63,38.3,,,,,,,0,-13.25,
2026-04-24,v4,701398,Sal Stewart,CIN,DET,Framber Valdez,,27.85,20.67,25.33,7.18,350,18.09,1.180,1.215,0.936,108,108,55.1,,,,,,,0,-18.09,
2026-04-24,v4,671739,Michael Harris II,ATL,PHI,Andrew Painter,,22.12,16.91,21.66,5.21,450,12.03,1.050,1.053,1.011,90,90,49.9,,,,,,,0,-12.03,
2026-04-24,v4,663647,Ke'Bryan Hayes,CIN,DET,Framber Valdez,,12.54,9.30,25.40,3.24,900,7.06,1.180,1.215,0.936,65,65,35.9,,,,,,,0,-7.06,
2026-04-24,v4,665750,Leody Taveras,BAL,BOS,Brayan Bello,,12.48,10.34,12.32,2.14,800,0.00,1.060,1.060,1.000,62,62,36.8,,,,,,,0,-0.0,
2026-04-24,v4,669016,Brandon Marsh,PHI,ATL,Grant Holmes,,13.81,11.63,10.48,2.18,700,0.00,1.050,0.987,1.011,85,77,31.0,,,,,,,0,-0.0,
2026-04-24,v4,667472,Dane Myers,CIN,DET,Framber Valdez,,17.73,14.88,10.81,2.85,525,5.15,1.180,1.215,0.936,38,38,16.5,,,,,,,0,-5.15,
2026-04-18,v2,,Liam Hicks,MIA,MIL,Brandon Woodruff,4,20.36,9.57,103.60,10.79,900,28.78,1.020,0.977,1.030,67,67,40.8,47.77,,,,,,void,0.00,auto-expired: no game result after 7 days
2026-04-18,v2,,Carter Jensen,KC,NYY,Will Warren,5,23.22,11.26,97.37,11.96,750,32.46,1.100,1.069,1.040,63,63,40.2,45.65,,,,,,void,0.00,auto-expired: no game result after 7 days
2026-04-18,v2,,CJ Abrams,WSH,SF,Adrian Houser,4,29.15,15.95,74.90,13.20,500,37.45,1.040,1.091,1.080,81,81,48.9,37.64,,,,,,void,0.00,auto-expired: no game result after 7 days
2026-04-18,v2,,Jacob Young,WSH,SF,Adrian Houser,5,16.42,8.70,80.62,7.72,1000,20.16,1.040,1.091,1.080,57,57,32.3,36.97,,,,,,void,0.00,auto-expired: no game result after 7 days
2026-04-18,v2,,Brice Turang,MIL,MIA,Sandy Alcantara,3,17.43,9.57,74.30,7.86,900,20.64,1.020,1.054,1.030,79,79,41.6,35.07,,,,,,void,0.00,auto-expired: no game result after 7 days
2026-04-18,v2,,Mickey Moniak,COL,LAD,Emmet Sheehan,2,29.05,17.09,62.68,11.96,460,34.07,1.280,0.916,0.978,50,50,33.0,31.32,,,,,,void,0.00,auto-expired: no game result after 7 days
2026-04-18,v2,,Andruw Monasterio,BOS,DET,Tarik Skubal,2,15.03,8.70,65.33,6.33,1000,16.33,1.080,1.142,0.915,135,22,32.8,30.40,,,,,,void,0.00,auto-expired: no game result after 7 days
2026-04-18,v2,,Wenceel Pérez,DET,BOS,Brayan Bello,7,15.93,9.57,59.30,6.36,900,16.47,1.080,1.012,0.915,383,20,60.7,29.74,,,,,,void,0.00,auto-expired: no game result after 7 days
2026-04-18,v2,,TJ Rumfield,COL,LAD,Emmet Sheehan,3,14.51,8.70,59.61,5.81,1000,14.90,1.280,0.916,0.978,76,76,37.2,28.20,,,,,,void,0.00,auto-expired: no game result after 7 days
2026-04-18,v2,,Troy Johnston,COL,LAD,Emmet Sheehan,6,14.33,8.70,57.63,5.63,1000,14.41,1.280,0.916,0.978,61,61,30.8,26.95,,,,,,void,0.00,auto-expired: no game result after 7 days
2026-04-18,v2,,Aaron Judge,NYY,KC,Noah Cameron,2,30.25,19.53,48.23,10.72,390,30.91,1.100,0.926,1.040,88,88,45.9,25.91,,,,,,void,0.00,auto-expired: no game result after 7 days
2026-04-18,v2,,Gary Sánchez,MIL,MIA,Sandy Alcantara,4,25.26,15.95,51.56,9.31,500,25.78,1.020,1.054,1.030,47,47,28.6,25.67,,,,,,void,0.00,auto-expired: no game result after 7 days
2026-04-18,v2,,Wilyer Abreu,BOS,DET,Tarik Skubal,5,14.62,9.11,53.51,5.51,950,14.08,1.080,1.142,0.915,75,75,36.2,25.59,,,,,,void,0.00,auto-expired: no game result after 7 days
2026-04-18,v2,,Maikel Garcia,KC,NYY,Will Warren,1,11.99,7.66,49.88,4.33,1150,10.84,1.100,1.069,1.040,90,90,37.7,23.82,,,,,,void,0.00,auto-expired: no game result after 7 days
2026-04-18,v2,,Jake Bauers,MIL,MIA,Sandy Alcantara,5,24.17,15.95,45.02,8.22,500,22.51,1.020,1.054,1.030,66,66,35.4,23.10,,,,,,void,0.00,auto-expired: no game result after 7 days
2026-04-18,v2,,Vinnie Pasquantino,KC,NYY,Will Warren,3,14.13,9.57,41.30,4.56,900,11.47,1.100,1.069,1.040,88,88,37.4,20.45,,,,,,void,0.00,auto-expired: no game result after 7 days
2026-04-18,v2,,James Wood,WSH,SF,Adrian Houser,1,25.92,19.14,29.60,6.78,400,18.50,1.040,1.091,1.080,98,98,41.1,16.78,,,,,,void,0.00,auto-expired: no game result after 7 days
2026-04-18,v2,,Willson Contreras,BOS,DET,Tarik Skubal,3,16.72,12.76,25.40,3.96,650,9.77,1.080,1.142,0.915,76,76,33.1,13.61,,,,,,void,0.00,auto-expired: no game result after 7 days
2026-04-18,v2,,Kerry Carpenter,DET,BOS,Brayan Bello,6,15.63,11.96,25.04,3.67,700,8.94,1.080,1.012,0.915,62,62,27.5,13.02,,,,,,void,0.00,auto-expired: no game result after 7 days
2026-04-18,v2,,Edouard Julien,COL,LAD,Emmet Sheehan,1,13.76,10.63,23.84,3.13,800,7.45,1.280,0.916,0.978,53,53,23.3,12.09,,,,,,void,0.00,auto-expired: no game result after 7 days
2026-04-18,v2,,Casey Schmitt,SF,WSH,Cade Cavalli,5,17.31,13.67,21.17,3.64,600,8.82,1.040,1.172,1.080,59,59,26.1,11.37,,,,,,void,0.00,auto-expired: no game result after 7 days
2026-04-18,v2,,Hunter Goodman,COL,LAD,Emmet Sheehan,4,22.50,19.14,12.50,3.36,400,7.81,1.280,0.916,0.978,74,74,30.7,8.09,,,,,,void,0.00,auto-expired: no game result after 7 days
2026-05-17,v4,686948,Drake Baldwin,ATL,BOS,Brayan Bello,1,23.87,15.58,30.87,8.29,500,21.61,1.039,1.216,1.039,208,88,78.8,15.49,1.033,,0.573,0.839,current,0,-21.61,
2026-05-17,v4,671739,Michael Harris II,ATL,BOS,Brayan Bello,4,20.05,14.33,40.35,5.72,600,16.81,1.038,1.216,1.039,154,68,71.8,16.81,0.946,,0.592,1.075,current,0,-16.81,
2026-05-17,v4,621566,Matt Olson,ATL,BOS,Brayan Bello,3,25.25,22.01,16.15,3.24,360,11.22,1.044,1.216,1.039,202,85,70.8,7.18,0.974,,0.581,1.177,current,0,-11.22,
2026-05-17,v4,689414,Liam Hicks,MIA,TB,Drew Rasmussen,2,16.19,13.35,13.33,2.84,600,5.55,1.000,1.081,1.034,160,77,54.1,5.42,0.942,,0.429,1.068,current,0,-5.55,
2026-05-17,v4,666018,Jonathan Aranda,TB,MIA,Eury Pérez,3,15.36,13.26,30.56,2.10,750,10.19,1.000,1.105,1.034,190,82,57.9,10.65,0.953,,0.455,1.163,current,0,-10.19,
2026-05-17,v4,545361,Mike Trout,LAA,LAD,Roki Sasaki,,16.07,13.97,12.49,2.10,600,5.20,0.989,1.286,1.022,204,89,62.1,5.07,0.939,,0.587,1.101,current,0,-5.2,
2026-05-17,v4,682657,Angel Martínez,CLE,CIN,Brady Singer,,15.59,13.35,9.13,2.24,600,0.00,0.970,1.299,1.044,153,77,52.3,3.80,1.034,,0.424,1.098,current,1,0.0,
2026-05-19,v4,669364,Xavier Edwards,MIA,ATL,Martín Pérez,1,13.99,8.86,36.44,5.13,1000,13.47,1.019,1.038,1.050,203,82,63.3,14.41,1.071,,0.433,1.500,current,1,134.7,
2026-05-19,v4,668715,Spencer Steer,CIN,PHI,Jesús Luzardo,3,19.08,16.90,19.25,2.18,525,9.17,1.143,0.903,1.032,182,83,62.9,7.34,0.960,,0.550,1.376,current,0,-9.17,
2026-05-19,v4,695506,Jac Caglianone,KC,BOS,Ranger Suarez,5,11.80,9.36,18.00,2.44,900,0.00,0.951,0.880,1.000,152,64,56.6,6.78,0.993,,0.480,0.980,current,0,-0.0,
2026-05-20,v4,668709,JJ Bleday,CIN,PHI,Aaron Nola,3,21.97,14.72,39.10,7.25,575,21.00,1.090,1.173,1.031,87,85,65.6,16.55,0.967,,0.591,1.000,current,0,-21.0,
2026-05-20,v4,668939,Adley Rutschman,BAL,TB,Steven Matz,3,16.32,12.14,38.72,4.18,750,12.91,1.000,1.125,1.028,130,82,59.2,14.32,1.021,,0.475,1.057,current,0,-12.91,
2026-05-20,v4,669364,Xavier Edwards,MIA,ATL,Chris Sale,,11.83,8.86,30.13,2.97,1000,7.53,1.019,0.924,1.041,208,83,51.5,10.48,1.061,,0.438,1.500,current,0,-7.53,
2026-05-20,v4,621439,Byron Buxton,MIN,HOU,Mike Burrows,1,25.25,22.84,7.31,2.41,325,5.62,1.011,1.111,0.947,190,95,68.5,3.68,1.024,,0.495,1.236,current,0,-5.62,
2026-05-21,v4,802139,JJ Wetherholt,STL,PIT,Braxton Ashcraft,1,14.25,12.07,14.00,2.18,700,0.00,1.011,0.971,0.999,217,93,53.5,5.30,1.000,,0.447,1.116,current,0,-0.0,
2026-05-22,v4,676694,Jake Meyers,HOU,CHC,Jameson Taillon,5,10.75,8.22,39.75,2.53,1200,8.28,1.000,1.342,0.958,50,50,48.2,12.91,1.024,,0.419,1.000,blended,0,-8.28,
2026-05-22,v4,669699,Braden Shewmake,HOU,CHC,Jameson Taillon,6,12.20,8.86,34.20,3.34,1000,8.55,1.000,1.342,0.958,56,56,48.2,11.62,0.947,,0.362,1.000,current,0,-8.55,
2026-05-22,v4,670541,Yordan Alvarez,HOU,CHC,Jameson Taillon,3,21.64,18.81,21.18,2.83,460,11.51,1.000,1.342,0.958,221,82,70.7,8.68,0.974,,0.711,0.908,current,0,-11.51,
2026-05-22,v4,572233,Christian Walker,HOU,CHC,Jameson Taillon,4,18.07,15.43,21.97,2.64,575,9.55,1.000,1.342,0.958,206,79,65.9,8.60,0.997,,0.459,1.046,current,0,-9.55,
2026-05-22,v4,696285,Jacob Young,WSH,ATL,TBD,,10.58,8.36,32.25,2.22,1150,7.01,1.059,1.000,1.056,176,72,41.8,10.09,1.071,,0.395,1.000,current,0,-7.01,
2026-05-23,v4,696285,Jacob Young,WSH,ATL,Grant Holmes,,11.44,7.96,56.02,3.48,1300,11.57,1.059,1.086,0.996,179,71,47.4,18.05,1.075,,0.395,1.132,current,0,-11.57,
2026-05-23,v4,668952,Ryan Kreidler,MIN,BOS,Jovani Morán,,12.07,9.28,20.70,2.79,900,5.75,1.190,1.052,0.947,37,37,32.8,6.61,1.009,,0.400,1.060,blended,0,-5.75,
2026-05-24,v4,700250,Ben Rice,NYY,TB,Drew Rasmussen,3,25.25,16.56,29.83,8.69,460,22.50,1.192,0.996,0.995,196,87,74.3,14.94,0.984,,0.565,0.978,current,0,-22.5,
2026-05-24,v4,693307,Dillon Dingler,DET,BAL,Trevor Rogers,,11.37,9.20,13.70,2.17,900,0.00,1.072,1.087,1.017,188,82,48.9,5.05,1.003,,0.542,0.823,current,0,-0.0,
2026-05-24,v4,671739,Michael Harris II,ATL,WSH,Foster Griffin,6,20.64,13.74,29.84,6.90,575,17.10,1.040,1.134,1.061,185,77,72.1,13.83,1.035,,0.563,0.939,current,0,-17.1,
2026-05-24,v4,545341,Randal Grichuk,CWS,SF,Robbie Ray,4,20.31,13.74,29.84,6.57,575,16.13,0.910,1.265,1.010,58,41,58.3,12.57,1.060,,0.586,1.000,blended,0,-16.13,
2026-05-24,v4,664040,Brandon Lowe,PIT,TOR,Dylan Cease,2,17.07,11.59,29.81,5.48,700,13.06,1.000,0.977,0.995,206,85,62.5,12.36,1.014,,0.516,1.049,current,0,-13.06,
2026-05-24,v4,668939,Adley Rutschman,BAL,DET,Framber Valdez,3,14.90,9.68,28.74,5.22,850,12.22,1.062,1.014,1.006,141,81,55.4,11.37,0.999,,0.470,1.048,current,0,-12.22,
2026-05-24,v4,683002,Gunnar Henderson,BAL,DET,Framber Valdez,2,12.93,8.36,28.74,4.57,1000,10.56,1.051,1.014,1.006,232,87,61.9,11.53,0.955,,0.402,1.235,current,1,105.6,
2026-05-24,v4,689414,Liam Hicks,MIA,NYM,Christian Scott,1,15.09,10.22,28.77,4.87,800,11.19,1.010,0.888,1.048,186,78,51.7,10.95,0.989,,0.408,1.095,current,0,-11.19,
2026-05-24,v4,502671,Paul Goldschmidt,NYY,TB,Drew Rasmussen,5,12.61,8.76,28.77,3.85,950,8.53,1.030,0.996,0.995,95,75,57.1,10.85,1.034,,0.572,0.734,current,0,-8.53,
2026-05-24,v4,663837,Matt Vierling,DET,BAL,Brandon Young,5,11.87,8.00,28.80,3.87,1050,8.69,1.071,1.137,1.006,144,79,52.3,10.54,1.043,,0.393,1.126,current,0,-8.69,
2026-05-24,v4,605137,Josh Bell,MIN,BOS,Sonny Gray,4,11.54,8.36,26.94,3.18,1000,6.73,1.075,1.006,0.973,199,81,57.5,9.99,1.050,,0.413,1.169,current,0,-6.73,
2026-05-24,v4,641857,Ryan McMahon,NYY,TB,Drew Rasmussen,8,11.38,8.36,25.18,3.02,1000,6.29,1.212,0.996,0.995,147,65,53.4,9.12,1.006,,0.361,1.216,current,0,-6.29,
2026-05-24,v4,656941,Kyle Schwarber,PHI,CLE,Parker Messick,2,25.25,20.32,16.15,4.93,360,11.22,1.103,0.985,0.992,221,91,65.9,7.81,1.040,,0.554,0.895,current,0,-11.22,
2026-05-24,v4,680869,Zack Gelof,ATH,SD,Michael King,6,12.25,9.68,16.38,2.57,850,0.00,0.931,0.930,0.998,118,82,47.7,5.98,0.993,,0.438,1.095,current,0,-0.0,
2026-05-24,v4,670042,Luke Raley,SEA,KC,Seth Lugo,5,17.03,14.27,10.69,2.76,550,0.00,0.948,0.911,0.982,140,55,54.2,4.57,1.012,,0.578,1.000,current,0,-0.0,
2026-05-24,v4,605141,Mookie Betts,LAD,MIL,Brandon Sproat,2,16.33,13.74,10.23,2.59,575,0.00,1.080,1.155,0.993,78,78,55.6,4.39,0.987,,0.473,1.000,current,0,-0.0,
2026-05-24,v4,656537,Derek Hill,CWS,SF,Robbie Ray,7,11.68,9.20,16.80,2.48,900,0.00,0.910,1.265,1.010,65,32,46.0,5.99,1.006,,0.416,1.000,blended,0,-0.0,
2026-05-24,v4,642215,Weston Wilson,BAL,DET,Framber Valdez,6,9.84,7.66,18.08,2.18,1100,0.00,1.070,1.014,1.006,41,41,34.4,5.74,1.041,,0.392,1.060,blended,0,-0.0,
2026-05-24,v4,641487,J.P. Crawford,SEA,KC,Seth Lugo,1,12.32,10.22,10.88,2.10,800,0.00,0.955,0.911,0.982,184,83,47.2,4.13,1.035,,0.407,1.136,current,0,-0.0,
2026-05-24,v4,668930,Brice Turang,MIL,LAD,Yoshinobu Yamamoto,2,12.87,10.82,9.40,2.05,750,0.00,1.059,1.105,0.993,211,91,56.1,3.89,0.970,,0.492,1.318,current,0,-0.0,
2026-05-24,v4,678246,Miguel Vargas,CWS,SF,Robbie Ray,3,20.99,18.69,4.95,2.30,400,0.00,0.902,1.265,1.010,216,82,68.7,2.83,0.999,,0.530,1.459,current,1,0.0,
2026-05-26,v4,808959,Munetaka Murakami,CWS,MIN,Joe Ryan,2,19.50,11.59,29.81,7.91,700,20.00,1.012,0.857,0.982,230,85,74.3,14.53,0.989,,0.516,1.075,current,1,140.0,
2026-05-26,v4,695578,James Wood,WSH,CLE,Joey Cantillo,1,12.80,7.07,28.67,5.73,1200,13.83,0.948,0.958,0.976,259,92,77.9,13.26,0.979,,0.616,0.764,current,1,165.96,
2026-05-26,v4,678554,Curtis Mead,WSH,CLE,Joey Cantillo,2,11.36,3.04,27.68,8.32,2900,20.76,0.989,0.958,0.973,136,76,65.0,13.25,1.033,,0.468,0.766,current,0,-20.76,
2026-05-26,v4,671739,Michael Harris II,ATL,BOS,Ranger Suarez,7,13.28,7.66,28.69,5.62,1100,13.49,0.960,0.850,1.020,189,80,73.2,12.86,1.036,,0.560,0.915,current,1,148.39,
2026-05-26,v4,682928,CJ Abrams,WSH,CLE,Joey Cantillo,4,10.11,3.64,27.40,6.47,2400,15.91,0.949,0.958,0.981,232,89,70.1,12.62,1.018,,0.486,0.700,current,0,-15.91,
2026-05-26,v4,669127,Shea Langeliers,ATH,SEA,Emerson Hancock,,13.91,8.36,28.74,5.55,1000,13.25,1.062,1.013,0.974,225,93,70.2,12.62,0.931,,0.556,1.009,current,0,-13.25,
2026-05-26,v4,664034,Ty France,SD,PHI,Aaron Nola,,15.94,10.22,28.77,5.72,800,13.58,0.930,1.138,0.976,94,62,68.3,12.57,0.974,,0.498,1.263,current,0,-13.58,
2026-05-26,v4,680869,Zack Gelof,ATH,SEA,Emerson Hancock,,10.78,3.14,27.48,7.64,2800,18.98,1.058,1.013,0.974,129,85,58.5,12.34,0.947,,0.415,1.079,current,0,-18.98,
2026-05-26,v4,696285,Jacob Young,WSH,CLE,Joey Cantillo,7,9.35,3.64,27.40,5.71,2400,13.93,0.990,0.958,0.976,187,68,62.5,11.69,1.088,,0.411,0.717,current,0,-13.93,
2026-05-26,v4,593428,Xander Bogaerts,SD,PHI,Aaron Nola,,9.21,3.64,27.40,5.57,2400,13.57,0.930,1.138,0.980,204,74,63.0,11.66,0.890,,0.411,1.198,current,0,-13.57,
2026-05-26,v4,686611,Dylan Crews,WSH,CLE,Joey Cantillo,5,9.39,3.64,27.40,5.75,2400,14.04,0.990,0.958,0.976,30,30,56.5,11.28,1.000,,0.385,1.060,blended,0,-14.04,
2026-05-26,v4,695657,Colson Montgomery,CWS,MIN,Joe Ryan,4,12.69,8.36,28.74,4.33,1000,9.90,1.011,0.857,0.982,218,86,66.2,11.71,0.980,,0.433,0.985,current,0,-9.9,
2026-05-26,v4,621566,Matt Olson,ATL,BOS,Ranger Suarez,3,11.09,7.36,28.80,3.73,1150,8.40,0.956,0.850,1.020,237,84,67.8,11.54,0.890,,0.546,0.806,current,1,96.6,
2026-05-26,v4,660710,Rodolfo Durán,SD,PHI,Aaron Nola,,9.78,5.06,27.51,4.72,1700,11.18,0.930,1.138,0.976,24,24,61.8,11.19,1.000,,0.521,0.960,current,0,-11.18,
2026-05-26,v4,665953,Andrés Chaparro,WSH,CLE,Joey Cantillo,3,7.96,3.04,27.68,4.92,2900,11.97,0.990,0.958,0.976,73,19,58.2,11.09,0.890,,0.367,1.060,blended,0,-11.97,
2026-05-26,v4,664056,Harrison Bader,SF,AZ,Eduardo Rodriguez,,8.69,3.04,27.68,5.65,2900,13.85,0.910,0.827,0.954,102,75,52.8,11.05,1.033,,0.381,1.060,current,0,-13.85,
2026-05-26,v4,609280,Miguel Andujar,SD,PHI,Aaron Nola,,9.72,4.79,27.41,4.93,1800,11.76,0.935,1.138,0.980,159,80,57.4,10.96,1.034,,0.396,1.067,current,0,-11.76,
2026-05-26,v4,642201,Eli White,ATL,BOS,Ranger Suarez,6,8.88,4.55,27.40,4.33,1900,10.21,1.190,0.850,1.020,70,48,54.8,10.49,0.890,,0.350,0.944,current,0,-10.21,
2026-05-26,v4,671976,Tristan Peters,CWS,MIN,Joe Ryan,7,6.71,2.60,27.40,4.11,3400,9.92,1.010,0.857,0.982,143,64,53.7,10.32,1.087,,0.336,1.000,current,0,-9.92,
2026-05-26,v4,694514,Sterlin Thompson,COL,LAD,Eric Lauer,,7.64,3.96,27.51,3.68,2200,8.60,0.880,1.514,1.012,22,22,50.3,9.93,1.000,,0.225,0.960,current,0,-8.6,
2026-05-26,v4,571448,Nolan Arenado,AZ,SF,Tyler Mahle,,7.92,5.06,27.51,2.86,1700,6.26,0.912,1.090,0.940,191,79,52.2,9.68,0.966,,0.415,0.992,current,0,-6.26,
2026-05-26,v4,664983,Jake McCarthy,COL,LAD,Eric Lauer,,7.10,4.55,27.40,2.55,1900,5.53,0.883,1.514,1.012,137,71,49.4,9.33,0.890,,0.393,0.960,current,0,-5.53,
2026-05-26,v4,699912,Jose Fernandez,AZ,SF,Tyler Mahle,,5.62,3.04,27.68,2.58,2900,5.91,0.922,1.090,0.940,149,59,47.5,9.31,0.890,,0.364,1.276,current,0,-5.91,
2026-05-26,v4,678246,Miguel Vargas,CWS,MIN,Joe Ryan,3,13.37,10.82,13.65,2.55,750,0.00,1.056,0.857,0.998,225,82,61.1,5.63,1.027,,0.539,0.700,current,0,-0.0,
2026-05-26,v4,671289,Tyler Freeman,COL,LAD,Eric Lauer,,5.80,3.64,27.40,2.16,2400,0.00,0.944,1.514,1.012,128,80,53.7,9.42,0.890,,0.356,1.500,current,0,-0.0,
2026-05-26,v4,814439,Ryan Waldschmidt,AZ,SF,Tyler Mahle,,4.79,2.60,27.40,2.19,3400,0.00,0.910,1.090,0.954,62,62,45.7,8.94,1.000,,0.421,0.960,current,0,-0.0,
2026-05-26,v4,643446,Jeff McNeil,ATH,SEA,Emerson Hancock,,4.98,2.60,27.40,2.38,3400,5.46,1.035,1.013,0.984,187,78,42.0,8.80,1.061,,0.357,1.173,current,0,-5.46,
2026-05-27,v4,678554,Curtis Mead,WSH,CLE,Gavin Williams,3,16.80,8.36,28.74,8.44,1000,21.20,0.989,1.011,1.014,141,77,71.0,14.16,1.029,,0.480,1.246,current,0,-21.2,
2026-05-27,v4,669477,Casey Schmitt,SF,AZ,Michael Soroka,,15.92,10.82,28.76,5.10,750,11.77,0.899,0.929,0.990,192,83,66.9,12.15,1.056,,0.535,1.043,current,0,-11.77,
2026-05-27,v4,689414,Liam Hicks,MIA,TOR,Kevin Gausman,2,13.86,10.99,24.74,2.87,800,7.73,1.000,0.963,1.000,200,79,57.1,9.13,0.992,,0.396,1.088,current,0,-7.73,
2026-05-27,v4,676391,Ernie Clement,TOR,MIA,Eury Pérez,7,9.87,7.36,23.37,2.51,1150,5.08,1.020,1.233,1.000,217,74,54.4,8.38,1.082,,0.356,0.866,current,0,-5.08,
2026-05-27,v4,676694,Jake Meyers,HOU,TEX,Jacob deGrom,,11.21,8.36,23.31,2.85,1000,5.83,1.150,1.364,1.050,64,64,48.1,8.17,1.011,,0.397,1.000,blended,0,-5.83,
2026-05-27,v4,695578,James Wood,WSH,CLE,Gavin Williams,1,20.69,16.86,13.80,3.83,450,7.66,0.948,1.011,1.024,264,93,77.1,6.92,1.008,,0.629,1.097,current,0,-7.66,
2026-05-27,v4,678246,Miguel Vargas,CWS,MIN,Connor Prielipp,,19.94,16.56,11.66,3.38,460,6.34,1.055,1.066,0.991,230,85,67.2,5.59,0.995,,0.529,1.500,current,0,-6.34,
2026-05-27,v4,671739,Michael Harris II,ATL,BOS,Connelly Early,,16.97,14.27,10.30,2.70,550,0.00,0.960,1.270,1.028,193,80,60.7,4.61,1.031,,0.575,0.862,current,0,-0.0,
2026-05-27,v4,691023,Jordan Walker,STL,MIL,Chad Patrick,4,19.75,17.65,8.63,2.10,450,0.00,1.083,0.956,1.019,222,84,63.3,3.85,1.006,,0.536,0.954,current,0,-0.0,
2026-05-29,v4,671739,Michael Harris II,ATL,CIN,Chris Paddack,2,25.25,14.27,29.86,10.98,550,29.15,1.170,1.010,0.985,202,84,79.3,16.61,1.043,,0.572,1.049,current,0,-29.15,
2026-05-29,v4,693307,Dillon Dingler,DET,CWS,Erick Fedde,2,19.70,12.51,40.11,7.19,700,20.57,1.051,1.396,1.000,208,86,81.7,18.50,0.997,,0.537,1.029,current,1,143.99,
2026-05-29,v4,691023,Jordan Walker,STL,CHC,Shota Imanaga,3,25.05,17.31,33.29,7.74,450,20.99,1.052,1.174,1.013,226,84,81.8,16.33,0.978,,0.536,1.092,current,0,-20.99,
2026-05-29,v4,669477,Casey Schmitt,SF,COL,Michael Lorenzen,,21.03,13.74,29.84,7.29,575,18.24,1.312,1.235,0.977,196,83,72.9,14.10,1.031,,0.524,1.037,current,0,-18.24,
2026-05-29,v4,695578,James Wood,WSH,SD,Lucas Giolito,1,19.97,14.27,29.80,5.70,550,13.55,1.021,0.931,0.992,268,92,81.6,13.93,1.010,,0.636,1.096,current,0,-13.55,
2026-05-29,v4,678554,Curtis Mead,WSH,SD,Lucas Giolito,3,15.25,7.36,28.80,7.89,1150,19.70,1.065,0.931,0.978,145,75,70.1,13.82,1.032,,0.477,1.229,current,1,226.55,
2026-05-29,v4,657757,Gavin Sheets,SD,WSH,Paxton Schultz,2,15.96,9.20,28.80,6.76,900,16.56,1.020,1.014,1.003,171,75,66.9,13.00,1.030,,0.450,1.000,current,0,-16.56,
2026-05-29,v4,696285,Jacob Young,WSH,SD,Lucas Giolito,7,13.48,7.66,28.69,5.82,1100,14.04,1.059,0.931,0.992,194,66,66.7,12.48,1.056,,0.407,1.175,current,0,-14.04,
2026-05-29,v4,665742,Juan Soto,NYM,MIA,Max Meyer,3,25.14,19.88,18.16,5.26,370,12.27,0.944,0.910,0.988,167,85,74.2,9.08,1.050,,0.635,1.153,current,0,-12.27,
2026-05-29,v4,657656,Ramón Laureano,SD,WSH,Paxton Schultz,7,12.75,8.76,28.77,3.99,950,8.91,1.063,1.014,0.992,197,65,68.8,11.73,1.039,,0.422,1.111,current,0,-8.91,
2026-05-29,v4,681198,TJ Rumfield,COL,SF,Logan Webb,3,14.85,10.82,26.22,4.03,750,8.74,1.274,0.952,0.983,217,77,65.0,10.65,0.993,,0.442,1.219,current,0,-8.74,
2026-05-29,v4,689414,Liam Hicks,MIA,NYM,Freddy Peralta,2,13.46,10.04,27.87,3.42,850,8.20,0.950,0.992,0.994,204,79,61.2,10.64,0.996,,0.390,1.085,current,0,-8.2,
2026-05-29,v4,701398,Sal Stewart,CIN,ATL,Grant Holmes,4,18.23,13.74,23.05,4.49,575,10.02,1.197,1.180,0.985,241,90,78.1,10.61,0.993,,0.497,0.896,current,0,-10.02,
2026-05-29,v4,805367,Chase Meidroth,CWS,DET,Troy Melton,5,9.63,6.57,28.77,3.06,1300,6.70,1.046,0.980,1.000,231,82,57.6,10.52,1.058,,0.343,1.062,current,0,-6.7,
2026-05-29,v4,593428,Xander Bogaerts,SD,WSH,Paxton Schultz,3,11.34,8.43,24.74,2.91,1000,6.18,1.059,1.014,0.978,212,75,60.8,9.36,0.890,,0.407,1.213,current,0,-6.18,
2026-05-29,v4,676391,Ernie Clement,TOR,BAL,Trevor Rogers,2,12.42,9.20,24.20,3.22,900,6.72,1.070,1.112,0.965,224,73,59.2,9.24,1.065,,0.359,1.258,current,0,-6.72,
2026-05-29,v4,808959,Munetaka Murakami,CWS,DET,Troy Melton,2,23.51,18.69,17.55,4.82,400,10.97,1.012,0.980,0.981,244,88,78.2,8.83,0.984,,0.536,1.105,current,0,-10.97,
2026-05-29,v4,621566,Matt Olson,ATL,CIN,Chris Paddack,3,19.42,16.29,16.52,3.13,500,8.26,1.183,1.010,0.985,251,85,75.4,7.44,0.931,,0.550,1.115,current,0,-8.26,
2026-05-29,v4,682928,CJ Abrams,WSH,SD,Lucas Giolito,4,15.26,12.36,14.45,2.90,650,5.56,1.021,0.931,1.003,240,88,66.2,6.25,1.024,,0.487,1.250,current,0,-5.56,
2026-05-29,v4,668709,JJ Bleday,CIN,ATL,Grant Holmes,3,18.61,15.20,13.52,3.41,510,6.63,1.170,1.180,0.985,116,91,65.6,6.17,0.930,,0.534,1.107,current,1,33.81,
2026-05-29,v4,592518,Manny Machado,SD,WSH,Paxton Schultz,4,13.31,11.00,19.79,2.31,800,6.18,1.057,1.014,0.978,220,81,57.5,7.33,1.046,,0.383,0.992,current,0,-6.18,
2026-05-29,v4,694362,Blake Dunn,CIN,ATL,Grant Holmes,1,9.68,7.36,21.00,2.32,1150,0.00,1.190,1.180,0.985,56,56,44.1,7.06,0.890,,0.336,1.000,blended,0,-0.0,
2026-05-29,v4,663993,Nathaniel Lowe,CIN,ATL,Grant Holmes,6,16.66,14.49,6.62,2.17,540,0.00,1.167,1.180,0.982,132,73,61.2,3.18,0.985,,0.546,1.000,current,1,0.0,
2026-05-30,v4,669477,Casey Schmitt,SF,COL,Ryan Feltner,3,25.25,9.68,28.74,15.57,850,41.14,1.311,1.384,0.973,196,82,81.8,18.94,1.034,,0.518,1.037,current,0,-41.14,
2026-05-30,v4,641487,J.P. Crawford,SEA,AZ,Ryne Nelson,1,18.15,9.20,28.80,8.95,900,22.64,0.991,1.216,0.995,204,82,73.4,14.64,1.059,,0.417,1.183,current,0,-22.64,
2026-05-30,v4,670042,Luke Raley,SEA,AZ,Ryne Nelson,5,24.15,17.50,27.99,6.65,430,16.28,0.989,1.216,0.995,153,56,78.0,13.52,1.012,,0.573,1.000,current,1,70.0,
2026-05-30,v4,642715,Willy Adames,SF,COL,Ryan Feltner,1,16.84,10.82,28.76,6.02,750,14.38,1.297,1.384,0.973,234,86,76.6,13.35,1.061,,0.384,1.274,current,0,-14.38,
2026-05-30,v4,606992,Eric Haase,SF,COL,Ryan Feltner,8,15.88,9.68,28.74,6.20,850,14.96,1.280,1.384,0.972,30,31,64.9,12.55,1.015,,0.444,0.960,blended,0,-14.96,
2026-05-30,v4,681198,TJ Rumfield,COL,SF,Adrian Houser,2,14.48,9.68,28.74,4.80,850,11.05,1.276,1.117,0.970,217,76,72.0,12.36,0.995,,0.434,1.219,current,0,-11.05,
2026-05-30,v4,646240,Rafael Devers,SF,COL,Ryan Feltner,4,14.68,11.59,17.44,3.09,700,6.23,1.299,1.384,0.972,231,83,69.4,7.48,1.039,,0.417,1.198,current,0,-6.23,
2026-05-30,v4,696100,Hunter Goodman,COL,SF,Adrian Houser,3,17.86,14.49,14.30,3.37,540,6.62,1.306,1.117,0.973,210,80,67.0,6.46,0.996,,0.410,0.945,current,0,-6.62,
2026-05-30,v4,547180,Bryce Harper,PHI,LAD,Roki Sasaki,3,16.97,14.84,6.06,2.13,525,0.00,0.880,1.141,1.003,233,78,69.7,3.14,0.946,,0.570,1.164,current,0,-0.0,
2026-06-06,v4,669127,Shea Langeliers,ATH,HOU,Tatsuya Imai,2,23.22,12.36,29.78,10.86,650,28.52,1.156,1.162,1.048,261,87,81.0,0.23,1.038,,0.555,0.873,current,0,-28.52,
2026-06-06,v4,670623,Isaac Paredes,HOU,ATH,Kade Morris,4,19.29,10.82,28.76,8.47,750,21.32,1.161,1.048,1.048,245,80,70.4,0.19,1.074,,0.379,1.242,current,0,-21.32,
2026-06-06,v4,664040,Brandon Lowe,PIT,ATL,Spencer Strider,2,19.01,9.20,28.80,9.81,900,25.03,1.043,1.189,1.028,259,83,78.4,0.19,0.983,,0.498,1.089,current,0,-25.03,
2026-06-06,v4,650490,Yandy Díaz,TB,MIA,Lake Bachar,1,18.10,3.64,27.40,14.46,2400,36.72,1.028,1.154,1.032,252,87,73.6,0.18,1.038,,0.485,0.983,current,0,-36.72,
2026-06-06,v4,660670,Ronald Acuña Jr.,ATL,PIT,Braxton Ashcraft,1,17.78,8.76,28.77,9.02,950,22.81,1.063,1.001,1.029,228,88,75.0,0.18,1.084,,0.500,1.233,current,0,-22.81,
2026-06-06,v4,606466,Ketel Marte,AZ,WSH,Zack Littell,1,17.71,8.00,28.80,9.71,1050,24.68,1.000,1.162,1.063,262,92,81.9,0.18,1.036,,0.523,0.922,current,0,-24.68,
2026-06-06,v4,695578,James Wood,WSH,AZ,Eduardo Rodriguez,1,16.81,7.07,28.67,9.74,1200,24.69,1.000,0.963,1.063,302,91,78.9,0.17,1.017,,0.623,0.813,current,0,-24.69,
2026-06-06,v4,666018,Jonathan Aranda,TB,MIA,Lake Bachar,2,16.63,8.00,28.80,8.63,1050,21.73,1.011,1.154,1.032,265,89,77.5,0.17,1.009,,0.497,1.206,current,0,-21.73,
2026-06-06,v4,656811,Ryan O'Hearn,PIT,ATL,Spencer Strider,4,16.45,7.66,28.69,8.79,1100,22.14,1.041,1.189,1.028,200,73,70.3,0.16,1.071,,0.443,1.153,current,0,-22.14,
2026-06-06,v4,687462,Spencer Horwitz,PIT,ATL,Spencer Strider,1,14.04,4.55,27.40,9.49,1900,23.79,1.040,1.189,1.029,229,83,72.1,0.14,0.975,,0.381,1.155,current,0,-23.79,
2026-06-06,v4,656941,Kyle Schwarber,PHI,CWS,Brandon Eisert,1,24.71,17.66,29.73,7.05,425,17.49,1.101,1.017,1.053,271,87,77.6,0.25,0.956,,0.542,0.879,current,0,-17.49,
2026-06-06,v4,678246,Miguel Vargas,CWS,PHI,Andrew Painter,2,19.39,12.36,29.78,7.03,650,17.47,1.141,1.270,1.042,275,86,80.8,0.19,1.016,,0.533,0.816,current,0,-17.47,
2026-06-06,v4,682998,Corbin Carroll,AZ,WSH,Zack Littell,2,16.68,10.82,28.76,5.86,750,13.93,1.000,1.162,1.056,259,87,82.2,0.17,1.027,,0.476,1.137,current,0,-13.93,
2026-06-06,v4,643217,Andrew Benintendi,CWS,PHI,Andrew Painter,3,16.58,10.22,28.77,6.36,800,15.38,1.096,1.270,1.053,204,76,75.1,0.17,1.069,,0.440,1.151,current,0,-15.38,
2026-06-06,v4,681715,Heriberto Hernández,MIA,TB,Shane McClanahan,4,16.47,7.66,28.69,8.81,1100,22.19,1.030,0.959,1.032,122,56,63.3,0.16,1.080,,0.483,1.162,current,0,-22.19,
2026-06-06,v4,691406,Junior Caminero,TB,MIA,Lake Bachar,3,16.28,10.82,28.76,5.46,750,12.79,1.028,1.154,1.032,268,89,78.5,0.16,0.941,,0.498,1.058,current,0,-12.79,
2026-06-06,v4,571448,Nolan Arenado,AZ,WSH,Zack Littell,4,13.46,8.36,28.74,5.10,1000,12.02,1.000,1.162,1.064,221,77,73.6,0.13,0.981,,0.400,1.031,current,0,-12.02,
2026-06-06,v4,643289,Mauricio Dubón,ATL,PIT,Braxton Ashcraft,2,12.75,3.96,27.51,8.79,2200,21.96,1.061,1.001,1.029,241,76,69.2,0.13,1.078,,0.394,1.287,current,0,-21.96,
2026-06-06,v4,682928,CJ Abrams,WSH,AZ,Eduardo Rodriguez,4,10.42,3.04,27.68,7.38,2900,18.33,1.000,0.963,1.056,274,88,70.1,0.10,0.948,,0.471,0.711,current,0,-18.33,
2026-06-06,v4,656775,Cedric Mullins,TB,MIA,Lake Bachar,6,10.16,4.79,27.41,5.37,1800,12.92,1.011,1.154,1.032,209,81,64.7,0.10,1.055,,0.298,1.260,current,0,-12.92,
2026-06-06,v4,682848,Endy Rodríguez,PIT,ATL,Spencer Strider,7,9.89,4.79,27.41,5.10,1800,12.21,1.050,1.189,1.029,51,51,57.7,0.10,1.038,,0.359,1.000,blended,0,-12.21,
2026-06-06,v4,669364,Xavier Edwards,MIA,TB,Shane McClanahan,1,9.83,2.68,27.57,7.15,3300,17.74,1.019,0.959,1.032,275,86,70.4,0.10,0.890,,0.424,1.500,current,0,-17.74,
2026-06-06,v4,696285,Jacob Young,WSH,AZ,Eduardo Rodriguez,7,9.58,3.04,27.68,6.54,2900,16.16,1.000,0.963,1.063,214,53,62.1,0.10,0.999,,0.400,0.700,current,0,-16.16,
2026-06-06,v4,572233,Christian Walker,HOU,ATH,Kade Morris,3,19.67,14.84,22.94,4.83,525,10.92,1.153,1.048,1.048,267,84,76.0,0.20,0.933,,0.437,1.024,current,0,-10.92,
2026-06-06,v4,667670,Brent Rooker,ATH,HOU,Tatsuya Imai,4,18.27,13.74,23.32,4.53,575,10.14,1.173,1.162,1.048,191,80,73.0,0.18,1.013,,0.440,1.021,current,0,-10.14,
2026-06-06,v4,621566,Matt Olson,ATL,PIT,Braxton Ashcraft,3,16.99,13.74,14.68,3.25,575,6.38,1.044,1.001,1.029,285,87,71.7,0.17,0.980,,0.537,1.097,current,0,-6.38,
2026-06-06,v4,665833,Oneil Cruz,PIT,ATL,Spencer Strider,6,15.94,12.36,19.55,3.58,650,7.52,1.039,1.189,1.028,281,82,74.4,0.16,1.030,,0.492,1.009,current,0,-7.52,
2026-06-06,v4,701762,Nick Kurtz,ATH,HOU,Tatsuya Imai,3,15.72,12.36,17.90,3.36,650,6.88,1.051,1.162,1.048,284,86,72.9,0.16,1.048,,0.502,1.051,current,0,-6.88,
2026-06-06,v4,691011,Drew Romo,CWS,PHI,Andrew Painter,8,14.10,10.22,26.90,3.88,800,8.41,1.110,1.270,1.051,80,71,57.9,0.14,0.946,,0.367,1.000,blended,0,-8.41,
2026-06-06,v4,666126,Carlos Cortes,ATH,HOU,Tatsuya Imai,1,12.03,7.66,28.69,4.37,1100,10.08,1.047,1.162,1.048,172,73,67.8,0.12,0.999,,0.469,1.000,current,0,-10.08,
2026-06-06,v4,642086,Dominic Smith,ATL,PIT,Braxton Ashcraft,5,11.75,9.20,17.50,2.55,900,0.00,1.044,1.001,1.029,148,60,54.7,0.12,0.984,,0.466,1.000,current,1,0.0,
2026-06-06,v4,645277,Ozzie Albies,ATL,PIT,Braxton Ashcraft,4,11.41,8.36,25.51,3.05,1000,6.38,1.053,1.001,1.029,278,86,59.0,0.11,1.024,,0.390,1.019,current,0,-6.38,
2026-06-06,v4,681082,Bryson Stott,PHI,CWS,Brandon Eisert,7,10.75,7.07,28.67,3.68,1200,8.28,1.092,1.017,1.053,214,73,60.9,0.11,1.004,,0.405,0.970,current,0,-8.28,
2026-06-06,v4,665923,Esteury Ruiz,MIA,TB,Shane McClanahan,7,10.11,5.06,27.51,5.05,1700,12.06,1.030,0.959,1.032,56,35,52.4,0.10,0.994,,0.329,1.060,blended,0,-12.06,
2026-06-06,v4,668804,Bryan Reynolds,PIT,ATL,Spencer Strider,3,9.24,4.79,27.41,4.45,1800,10.49,1.048,1.189,1.029,279,84,69.2,0.09,1.055,,0.427,0.797,current,0,-10.49,
2026-06-06,v4,805367,Chase Meidroth,CWS,PHI,Andrew Painter,5,9.08,4.55,27.40,4.53,1900,10.74,1.123,1.270,1.042,264,84,69.7,0.09,1.016,,0.338,1.069,current,0,-10.74,
2026-06-06,v4,665953,Andrés Chaparro,WSH,AZ,Eduardo Rodriguez,3,8.38,3.04,27.68,5.34,2900,13.05,1.000,0.963,1.063,30,30,53.5,0.08,1.000,,0.361,1.060,blended,0,-13.05,
2026-06-06,v4,676694,Jake Meyers,HOU,ATH,Kade Morris,8,8.37,4.79,27.41,3.58,1800,8.20,1.150,1.048,1.048,94,58,55.7,0.08,0.890,,0.356,1.000,current,0,-8.2,
2026-06-06,v4,686611,Dylan Crews,WSH,AZ,Eduardo Rodriguez,5,8.23,4.79,27.41,3.44,1800,7.83,1.000,0.963,1.063,59,59,50.4,0.08,0.890,,0.406,1.060,blended,1,140.94,
2026-06-06,v4,672640,Otto Lopez,MIA,TB,Shane McClanahan,2,7.27,3.64,27.40,3.63,2400,8.52,1.029,0.959,1.032,269,84,61.7,0.07,1.018,,0.452,0.897,current,0,-8.52,
2026-06-06,v4,672695,Geraldo Perdomo,AZ,WSH,Zack Littell,7,6.25,3.64,27.40,2.61,2400,5.86,1.000,1.162,1.063,253,81,60.1,0.06,1.060,,0.341,0.983,current,0,-5.86,
2026-06-06,v4,665161,Jeremy Peña,HOU,ATH,Kade Morris,1,12.49,10.22,12.41,2.27,800,0.00,1.150,1.048,1.048,121,83,47.9,0.12,1.052,,0.478,1.000,current,0,-0.0,
2026-06-06,v4,656976,Pavin Smith,AZ,WSH,Zack Littell,5,9.99,7.66,19.88,2.33,1100,0.00,1.000,1.162,1.063,288,19,62.4,0.10,0.890,,0.352,1.060,blended,0,-0.0,
2026-06-06,v4,669016,Brandon Marsh,PHI,CWS,Brandon Eisert,5,9.87,7.66,18.44,2.21,1100,0.00,1.088,1.017,1.051,221,70,52.2,0.10,1.059,,0.456,0.856,current,1,0.0,
2026-06-06,v4,669065,Kyle Stowers,MIA,TB,Shane McClanahan,3,7.53,5.06,27.51,2.47,1700,5.23,1.010,0.959,1.032,174,83,48.0,0.08,1.001,,0.391,0.700,current,0,-5.23,
2026-06-06,v4,695734,Daylen Lile,WSH,AZ,Eduardo Rodriguez,6,6.33,3.96,27.51,2.37,2200,5.18,1.000,0.963,1.056,281,87,56.3,0.06,0.988,,0.428,0.700,current,0,-5.18,
