bet_id,placed_date,placed_datetime,bet_type,parlay_odds,n_legs,all_hit,stake,returned,net
us-oh:01kveqwcweem19tan7d0mfv3pn,2026-06-18,2026-06-18 21:28,Same Game Parlay™,+8512,3,False,1.0,0.0,-1.0
us-oh:01kveqse5qen38p9fn83zbkd0j,2026-06-18,2026-06-18 21:26,Same Game Parlay™,+15266,4,False,1.0,0.0,-1.0
us-oh:01kve3ba7cfhmbzcn4xphzksex,2026-06-18,2026-06-18 15:29,4 leg Same Game Parlay+,+28803,4,False,1.0,0.0,-1.0
us-oh:01kvdsmz7ke09r5d7kh95f1598,2026-06-18,2026-06-18 12:39,3 leg Same Game Parlay+,+12302,3,False,1.0,0.0,-1.0
us-oh:01kvefypzzevhbaf7evb34t96x,2026-06-18,2026-06-18 19:09,3 leg Same Game Parlay+,+7885,3,False,10.0,0.0,-10.0
us-oh:01kve6m1rvehjsx2dppnrjjvjy,2026-06-18,2026-06-18 16:26,3 leg parlay,+8542,3,False,1.0,0.0,-1.0
us-oh:01kve37b62fpx8y1qcfds9dkar,2026-06-18,2026-06-18 15:27,4 leg Same Game Parlay+,+12912,4,False,1.0,0.0,-1.0
us-oh:01kve6yf7pf8kastw15tg86vhn,2026-06-18,2026-06-18 16:32,4 leg Same Game Parlay+,+24998,4,False,1.0,0.0,-1.0
us-oh:01kvdsb8jse3tabe4jwg9vwmsq,2026-06-18,2026-06-18 12:34,4 leg parlay,+30878,4,False,5.0,0.0,-5.0
us-oh:01kvdtr87jf0ks4kgvg059hqs7,2026-06-18,2026-06-18 12:59,4 leg Same Game Parlay+,+28102,4,False,1.0,0.0,-1.0
us-oh:01kvdsg4pce2e9307rdde00a9c,2026-06-18,2026-06-18 12:37,4 leg parlay,+24817,4,False,1.0,0.0,-1.0
us-oh:01kvdsefdjfkx8vq5xpary2thy,2026-06-18,2026-06-18 12:36,4 leg parlay,+43703,4,False,1.0,0.0,-1.0
us-oh:01kvdsnv2he8dvatek91rt87zd,2026-06-18,2026-06-18 12:40,3 leg parlay,+11738,3,False,10.0,0.0,-10.0
O/2072111/0001906,2026-06-18,2026-06-18 11:58,4 leg parlay,+79132,4,False,10.0,0.0,-10.0
us-oh:01kvbrgn0ke5fs9794y2jmbnss,2026-06-17,2026-06-17 17:41,3 leg Same Game Parlay+,+9316,3,False,1.0,0.0,-1.0
us-oh:01kvbr55vyfagvwen5a5jjnhgt,2026-06-17,2026-06-17 17:35,4 leg parlay,+25950,4,False,1.0,0.0,-1.0
us-oh:01kvbr0rcgfqtt39xvra8rkvpv,2026-06-17,2026-06-17 17:32,3 leg parlay,+10464,3,False,10.0,0.0,-10.0
us-oh:01kvbrckk2fvzva6jmzdzvgwx4,2026-06-17,2026-06-17 17:39,3 leg parlay,+10274,3,False,1.0,0.0,-1.0
O/2072111/0001905,2026-06-17,2026-06-17 09:30,4 leg parlay,+31679,4,False,10.0,0.0,-10.0
us-oh:01kvb7mgszf7p85vbv76nwn50c,2026-06-17,2026-06-17 12:46,4 leg parlay,+31540,4,False,5.0,0.0,-5.0
us-oh:01kvb75cnae0qvvnrgethc58g5,2026-06-17,2026-06-17 12:38,4 leg parlay,+21958,4,False,5.0,0.0,-5.0
us-oh:01kvb72jsyej6b7qx76qhwndq4,2026-06-17,2026-06-17 12:36,4 leg parlay,+26836,4,False,5.0,0.0,-5.0
us-oh:01kvb961vmevys1hz29anxar26,2026-06-17,2026-06-17 13:13,3 leg parlay,+14894,3,False,1.0,0.0,-1.0
us-oh:01kvb9k2scf77a6v9ckp1dh1gx,2026-06-17,2026-06-17 13:20,4 leg parlay,+72593,4,False,1.0,0.0,-1.0
us-oh:01kv9abwyze0p972ncspwj72ma,2026-06-16,2026-06-16 18:55,3 leg parlay,+11528,3,False,1.0,0.0,-1.0
us-oh:01kv9kccenfwab3cxvpac4vpcs,2026-06-16,2026-06-16 21:33,4 leg parlay,+27593,4,False,1.0,0.0,-1.0
us-oh:01kv99r680er189texxs1r2m1j,2026-06-16,2026-06-16 18:45,3 leg parlay,+11807,3,False,1.0,0.0,-1.0
us-oh:01kv9d8hkvfz6azg2ge2p7e3bv,2026-06-16,2026-06-16 19:46,4 leg Same Game Parlay+,+35260,4,False,1.0,0.0,-1.0
O/2072111/0001904,2026-06-16,2026-06-16 18:36,4 leg parlay,+75365,4,False,10.0,0.0,-10.0
O/2072111/0001903,2026-06-16,2026-06-16 18:31,4 leg parlay,+31912,4,False,10.0,0.0,-10.0
us-oh:01kv9a6pn0f2rr9fa0fh62xrnf,2026-06-16,2026-06-16 18:53,4 leg Same Game Parlay+,+29145,4,False,1.0,0.0,-1.0
O/2072111/0001902,2026-06-16,2026-06-16 18:30,4 leg parlay,+29770,3,False,10.0,0.0,-10.0
us-oh:01kv99djprfdwtbd8d8rrbwgkd,2026-06-16,2026-06-16 18:39,4 leg parlay,+22800,4,False,5.0,0.0,-5.0
us-oh:01kv6qar2jf37ttmrzas2x3s4k,2026-06-15,2026-06-15 18:44,4 leg parlay,+20470,4,False,1.0,0.0,-1.0
us-oh:01kv6ztn16ebett88pqh1naewd,2026-06-15,2026-06-15 21:13,4 leg Same Game Parlay+,+16412,4,False,1.0,0.0,-1.0
us-oh:01kv6r5pk5ecvt4tbyegkasg2g,2026-06-15,2026-06-15 18:59,3 leg parlay,+12355,3,False,1.0,0.0,-1.0
us-oh:01kv700nwyfsfarpn0hdk7d35j,2026-06-15,2026-06-15 21:16,4 leg Same Game Parlay+,+25513,4,False,1.0,0.0,-1.0
us-oh:01kv6rb3hwe5a87gdc4nmr8mq0,2026-06-15,2026-06-15 19:02,4 leg parlay,+40305,4,False,1.0,0.0,-1.0
us-oh:01kv6qnbhcetqvv840fr47fwdq,2026-06-15,2026-06-15 18:50,4 leg parlay,+21689,4,False,10.0,0.0,-10.0
us-oh:01kv6r2ze9f7jbhw8axgsd4gff,2026-06-15,2026-06-15 18:57,3 leg parlay,+10883,3,False,1.0,0.0,-1.0
us-oh:01kv6r11zhermv45jzr96hcm7g,2026-06-15,2026-06-15 18:56,3 leg parlay,+12303,3,False,1.0,0.0,-1.0
us-oh:01kv6qev5wfpy8dfhyx60z85s3,2026-06-15,2026-06-15 18:46,4 leg parlay,+31105,4,False,1.0,0.0,-1.0
us-oh:01kv6stb0ae3rryk56jjyk0tp3,2026-06-15,2026-06-15 19:28,4 leg Same Game Parlay+,+36840,4,False,1.0,0.0,-1.0
O/2072111/0001901,2026-06-15,2026-06-15 18:42,4 leg parlay,+29357,4,False,10.0,0.0,-10.0
us-oh:01kv6q8h63eb5sa7nqbnyrm6td,2026-06-15,2026-06-15 18:43,3 leg parlay,+6903,3,False,1.0,0.0,-1.0
us-oh:01kv3zcssdff58dqgh6h1959mh,2026-06-14,2026-06-14 17:07,Same Game Parlay™,+28600,4,False,1.0,0.0,-1.0
us-oh:01kv3e56refgqsfn3engy4vgas,2026-06-14,2026-06-14 12:06,3 leg parlay,+11072,3,False,1.0,0.0,-1.0
us-oh:01kv3egwsafs5at1xw6t9r3pnh,2026-06-14,2026-06-14 12:13,Same Game Parlay™,+20719,4,False,1.0,0.0,-1.0
us-oh:01kv3e7p8fekzbx0xcm0hfrx5f,2026-06-14,2026-06-14 12:08,4 leg parlay,+24290,4,False,1.0,0.0,-1.0
O/2072111/0001900,2026-06-14,2026-06-14 12:18,4 leg parlay,+52575,4,False,5.0,0.0,-5.0
us-oh:01kv3e2n1ke52b4km4sq2m724e,2026-06-14,2026-06-14 12:05,4 leg parlay,+23305,4,False,1.0,0.0,-1.0
us-oh:01kv0ye57yfwyskzfhz6yks917,2026-06-13,2026-06-13 12:53,3 leg parlay,+10439,3,False,5.0,0.0,-5.0
us-oh:01kv1hqqgren2t58sdrgxax8sa,2026-06-13,2026-06-13 18:30,5 leg Same Game Parlay+,+12598,5,False,1.0,0.0,-1.0
us-oh:01kv1j7q1jea9bgmegc262h6mf,2026-06-13,2026-06-13 18:39,3 leg Same Game Parlay+,+7158,3,False,1.0,0.0,-1.0
us-oh:01kv11vrkvevrshexz4fmtktpp,2026-06-13,2026-06-13 13:53,4 leg parlay,+21345,4,False,10.05,0.0,-10.05
us-oh:01kv11hy56f55b0td9e6eg7vqf,2026-06-13,2026-06-13 13:47,4 leg parlay,+28182,4,False,2.0,0.0,-2.0
us-oh:01kv0y53dfepkbcgmfvs29z63x,2026-06-13,2026-06-13 12:48,3 leg parlay,+10234,3,False,1.0,0.0,-1.0
us-oh:01kv12e8e2eh5rm404gphhqwp6,2026-06-13,2026-06-13 14:03,3 leg parlay,+9744,3,False,1.52,0.0,-1.52
O/2072111/0001898,2026-06-13,2026-06-13 13:46,4 leg parlay,+38290,4,False,10.0,0.0,-10.0
us-oh:01kv1ajrf2fjg9a95wck7aqqyk,2026-06-13,2026-06-13 16:25,3 leg parlay,+14486,3,False,1.0,0.0,-1.0
us-oh:01kv1ddzbzfwk9estkev1qfggr,2026-06-13,2026-06-13 17:15,4 leg Same Game Parlay+,+33314,4,False,1.0,0.0,-1.0
O/2072111/0001897,2026-06-13,2026-06-13 12:50,4 leg parlay,+116966,4,False,5.0,0.0,-5.0
us-oh:01kv11nq03fg59jfqsvms2w73t,2026-06-13,2026-06-13 13:50,3 leg parlay,+12236,3,False,2.1,0.0,-2.1
O/2072111/0001896,2026-06-13,2026-06-13 12:46,5 leg parlay,+206264,5,False,10.0,0.0,-10.0
us-oh:01ktzd9en9fse9n1eb84mqnwfd,2026-06-12,2026-06-12 22:34,3 leg Same Game Parlay+,+5654,3,False,1.0,0.0,-1.0
us-oh:01ktzdgemdfymahxax32a72sa5,2026-06-12,2026-06-12 22:38,4 leg Same Game Parlay+,+17290,4,False,1.0,0.0,-1.0
us-oh:01ktzdfze9ftwrdj5nj41srt9h,2026-06-12,2026-06-12 22:38,Same Game Parlay™,+23828,3,False,1.0,0.0,-1.0
us-oh:01ktyt641aempacrfvc0bz77d9,2026-06-12,2026-06-12 17:00,3 leg parlay,+10106,3,False,1.0,0.0,-1.0
us-oh:01ktytd84jfmf9973mmdff75ff,2026-06-12,2026-06-12 17:04,3 leg parlay,+9962,3,False,1.0,0.0,-1.0
us-oh:01ktyt98p7ewr88axp50h5yv2f,2026-06-12,2026-06-12 17:02,3 leg parlay,+11630,3,False,1.0,0.0,-1.0
O/2072111/0001893,2026-06-12,2026-06-12 16:55,4 leg Same Game Parlay+,+29856,4,False,0.0,0.0,0.0
O/2072111/0001894,2026-06-12,2026-06-12 17:15,4 leg parlay,+39141,4,False,10.08,0.0,-10.08
O/2072111/0001895,2026-06-12,2026-06-12 17:57,5 leg parlay,+258658,5,False,10.35,0.0,-10.35
us-oh:01ktyv41bbfwdvvyxv7rn8nbd4,2026-06-12,2026-06-12 17:17,3 leg parlay,+12909,3,False,1.05,0.0,-1.05
us-oh:01ktyt3qa4fxts7feyrpamgnnz,2026-06-12,2026-06-12 16:59,3 leg parlay,+14520,3,False,1.0,0.0,-1.0
O/2072111/0001888,2026-06-11,2026-06-11 17:09,3 leg Same Game Parlay+,+11202,3,False,10.0,0.0,-10.0
us-oh:01ktw7jxdzf8csagvya568wkap,2026-06-11,2026-06-11 16:57,3 leg Same Game Parlay+,+9822,3,False,1.05,0.0,-1.05
us-oh:01ktw7gxwse639f9pxyfagaz30,2026-06-11,2026-06-11 16:56,3 leg parlay,+15635,3,False,1.05,0.0,-1.05
us-oh:01ktw7f98vewzata7mnmstretm,2026-06-11,2026-06-11 16:55,3 leg parlay,+11542,3,False,1.05,0.0,-1.05
us-oh:01ktw6zy83fb9sxjfh8qwr43er,2026-06-11,2026-06-11 16:46,Same Game Parlay™,,3,False,1.0,1.0,0.0
us-oh:01ktw81yj2f8pa1jxhnb09vyv9,2026-06-11,2026-06-11 17:05,3 leg Same Game Parlay+,+7249,3,False,1.02,5.0,3.98
us-oh:01ktw80ptxe91ay3g1nw51ec21,2026-06-11,2026-06-11 17:04,3 leg Same Game Parlay+,+8913,3,False,1.02,20.43,19.41
us-oh:01ktw84jm6ffp9b4xyre71v591,2026-06-11,2026-06-11 17:06,3 leg Same Game Parlay+,+25622,3,False,1.02,0.0,-1.02
us-oh:01ktw86xfzfg68nxxhfg0fsgqb,2026-06-11,2026-06-11 17:08,3 leg Same Game Parlay+,+14106,3,False,1.02,0.0,-1.02
us-oh:01ktw7z1g0ehxafrh5nx3ed6ty,2026-06-11,2026-06-11 17:03,3 leg Same Game Parlay+,+7399,3,False,1.02,0.0,-1.02
us-oh:01ktvwpantemc80vb360cbveye,2026-06-11,2026-06-11 13:46,3 leg Same Game Parlay+,+4955,3,False,1.0,0.0,-1.0
O/2072111/0001887,2026-06-11,2026-06-11 13:43,4 leg Same Game Parlay+,+31908,4,False,10.0,0.0,-10.0
us-oh:01ktvwva9req6ayy2xg4mx84ya,2026-06-11,2026-06-11 13:49,3 leg Same Game Parlay+,+16354,3,False,1.0,0.0,-1.0
O/2072111/0001885,2026-06-10,2026-06-10 22:15,3 leg Same Game Parlay+,+10094,3,False,1.0,0.0,-1.0
O/2072111/0001884,2026-06-10,2026-06-10 22:12,3 leg Same Game Parlay+,+4666,3,False,1.0,0.0,-1.0
O/2072111/0001886,2026-06-10,2026-06-10 22:16,3 leg Same Game Parlay+,+8742,3,False,1.0,0.0,-1.0
O/2072111/0001881,2026-06-10,2026-06-10 15:51,3 leg Same Game Parlay+,+7911,3,False,1.0,0.0,-1.0
O/2072111/0001878,2026-06-10,2026-06-10 15:40,4 leg parlay,+23650,4,False,1.0,0.0,-1.0
O/2072111/0001880,2026-06-10,2026-06-10 15:47,3 leg parlay,+13706,3,False,1.0,137.06,136.06
O/2072111/0001882,2026-06-10,2026-06-10 18:41,4 leg Same Game Parlay+,+31145,4,False,1.0,0.0,-1.0
O/2072111/0001883,2026-06-10,2026-06-10 18:46,3 leg parlay,+9582,3,False,1.0,0.0,-1.0
O/2072111/0001879,2026-06-10,2026-06-10 15:43,3 leg parlay,+15511,3,False,1.0,0.0,-1.0
O/2072111/0001875,2026-06-09,2026-06-09 21:24,3 leg parlay,+9740,3,False,1.0,0.0,-1.0
O/2072111/0001876,2026-06-09,2026-06-09 21:24,3 leg parlay,+13423,3,False,1.0,0.0,-1.0
O/2072111/0001877,2026-06-09,2026-06-09 21:25,3 leg parlay,+15240,3,False,1.0,0.0,-1.0
O/2072111/0001874,2026-06-09,2026-06-09 21:23,3 leg parlay,+4856,3,False,1.0,0.0,-1.0
us-oh:01ktq871kqed7rnyvxs58zfcwf,2026-06-09,2026-06-09 18:31,4 leg Same Game Parlay+,+17338,4,False,1.0,0.0,-1.0
us-oh:01ktq81r4tfjnb3nzgad3614cx,2026-06-09,2026-06-09 18:29,4 leg Same Game Parlay+,+18612,4,False,1.0,0.0,-1.0
O/2072111/0001873,2026-06-09,2026-06-09 18:36,3 leg parlay,+40609,3,False,10.0,0.0,-10.0
us-oh:01ktq89r46fm5bdqmtydxp7bvp,2026-06-09,2026-06-09 18:33,3 leg parlay,+15511,3,False,1.0,0.0,-1.0
us-oh:01ktq80z6ee3sakj4nv0g4sm2k,2026-06-09,2026-06-09 18:28,3 leg Same Game Parlay+,+13750,3,False,1.0,0.0,-1.0
us-oh:01ktq173qnew9rz22ed1a9536a,2026-06-09,2026-06-09 16:29,3 leg parlay,+16148,3,False,1.0,0.0,-1.0
us-oh:01ktmeycx4fpg8yt1ejjg8kfy6,2026-06-08,2026-06-08 16:31,4 leg parlay,+41193,4,False,1.0,0.0,-1.0
us-oh:01ktmej0bme6p9x2kng2y5sr1r,2026-06-08,2026-06-08 16:25,3 leg Same Game Parlay+,+4753,3,False,1.0,0.0,-1.0
us-oh:01ktmetcntemvt964addfegavd,2026-06-08,2026-06-08 16:29,3 leg parlay,+12325,3,False,1.0,0.0,-1.0
us-oh:01ktmf1hzheqcv36sg8tdgherp,2026-06-08,2026-06-08 16:33,4 leg parlay,+29432,4,False,1.0,0.0,-1.0
us-oh:01ktmendnsfn3vv3gnvw9c6w2r,2026-06-08,2026-06-08 16:26,3 leg parlay,+5813,3,False,1.0,0.0,-1.0
us-oh:01ktmefahrex994kkwj2r4fb5k,2026-06-08,2026-06-08 16:23,4 leg Same Game Parlay+,+22228,4,False,1.0,0.0,-1.0
us-oh:01ktj7t1mxf07ak4drrtywmxv4,2026-06-07,2026-06-07 19:48,Same Game Parlay™,+17023,3,False,1.0,0.0,-1.0
us-oh:01ktj7qxe3ffc9axrrm5890cmm,2026-06-07,2026-06-07 19:47,Same Game Parlay™,+42935,4,False,1.0,0.0,-1.0
us-oh:01kthqqyprefkbd3nmj9g2424m,2026-06-07,2026-06-07 15:07,3 leg Same Game Parlay+,+10711,3,False,1.0,4.24,3.24
us-oh:01kthqsgfqfjxajq6a26m67rm3,2026-06-07,2026-06-07 15:08,3 leg Same Game Parlay+,+12835,3,False,1.0,0.0,-1.0
us-oh:01kthqrkhqf2rsycqr6pgp3hp0,2026-06-07,2026-06-07 15:08,4 leg Same Game Parlay+,+29602,4,False,1.0,0.0,-1.0
O/2072111/0001871,2026-06-07,2026-06-07 15:08,3 leg parlay,+17948,3,False,1.0,0.0,-1.0
O/2072111/0001870,2026-06-07,2026-06-07 15:07,3 leg parlay,+18710,3,False,1.0,0.0,-1.0
O/2072111/0001869,2026-06-07,2026-06-07 13:48,3 leg Same Game Parlay+,+6801,3,False,1.0,0.0,-1.0
us-oh:01ktfna7wvecft7zb5n7s9f784,2026-06-06,2026-06-06 19:46,3 leg parlay,+8682,3,False,1.0,0.0,-1.0
us-oh:01ktfr0t5ke43aagqp1ae4fzw0,2026-06-06,2026-06-06 20:34,3 leg Same Game Parlay+,+24820,3,False,1.0,0.0,-1.0
us-oh:01ktfqzhghfvt8xyq0yg7bhh1p,2026-06-06,2026-06-06 20:33,3 leg Same Game Parlay+,+7316,3,False,1.0,0.0,-1.0
us-oh:01ktfncv9ff0saxm69v0bkwds6,2026-06-06,2026-06-06 19:48,3 leg parlay,+7800,3,False,1.0,0.0,-1.0
O/2072111/0001867,2026-06-06,2026-06-06 19:50,3 leg parlay,+11561,3,False,1.0,0.0,-1.0
O/2072111/0001868,2026-06-06,2026-06-06 19:51,3 leg Same Game Parlay+,+11070,3,False,1.0,0.0,-1.0
us-oh:01ktf6h0sbe649s29c8nq3gg3x,2026-06-06,2026-06-06 15:28,4 leg parlay,+46003,4,False,1.0,0.0,-1.0
us-oh:01ktf09xneevaaye17dv1jsypg,2026-06-06,2026-06-06 13:39,4 leg Same Game Parlay+,+17508,4,False,1.0,0.0,-1.0
us-oh:01ktf0fhyaet49xej2c1dtmta6,2026-06-06,2026-06-06 13:42,3 leg Same Game Parlay+,+9555,3,False,1.0,0.0,-1.0
us-oh:01ktf0kmqve4x8rzh3dr049405,2026-06-06,2026-06-06 13:45,3 leg parlay,+22432,3,False,1.0,0.0,-1.0
us-oh:01ktf0cxdbej88te6xd5me9dtp,2026-06-06,2026-06-06 13:41,3 leg parlay,+7260,3,False,1.0,0.0,-1.0
us-oh:01ktf2fg89fg3vg5jm0ayg2kbv,2026-06-06,2026-06-06 14:17,4 leg parlay,+59223,4,False,1.0,0.0,-1.0
O/2072111/0001865,2026-06-06,2026-06-06 14:16,4 leg parlay,+224286,4,False,1.0,0.0,-1.0
us-oh:01ktf0e4mre87thb65txegyhyf,2026-06-06,2026-06-06 13:42,3 leg parlay,+20351,3,False,1.0,0.0,-1.0
O/2072111/0001866,2026-06-06,2026-06-06 14:23,3 leg parlay,+17540,3,False,1.0,0.0,-1.0
O/2072111/0001863,2026-06-06,2026-06-06 13:40,3 leg parlay,+14551,3,False,1.0,0.0,-1.0
O/2072111/0001864,2026-06-06,2026-06-06 13:43,3 leg parlay,+19724,3,False,1.0,0.0,-1.0
us-oh:01ktdagwdrek1ry95sma4f6hx9,2026-06-05,2026-06-05 21:59,Same Game Parlay™,+40377,4,False,1.0,0.0,-1.0
O/2072111/0001862,2026-06-05,2026-06-05 22:01,3 leg Same Game Parlay+,+24913,3,False,1.0,0.0,-1.0
O/2072111/0001861,2026-06-05,2026-06-05 21:59,4 leg Same Game Parlay+,+43724,4,False,1.0,0.0,-1.0
us-oh:01ktcyq0vweg9r4tfzd411mtsn,2026-06-05,2026-06-05 18:33,3 leg parlay,+8682,3,False,1.0,0.0,-1.0
us-oh:01ktd3nnjderk937ehr47a4pr2,2026-06-05,2026-06-05 20:00,Same Game Parlay™,+9694,3,False,1.0,0.0,-1.0
us-oh:01ktd3khnve89vxqh05es0ace7,2026-06-05,2026-06-05 19:58,3 leg Same Game Parlay+,+9355,3,False,1.0,0.0,-1.0
us-oh:01ktcfvy0jf8tryb98g1da0kvq,2026-06-05,2026-06-05 14:14,4 leg parlay,+25156,4,False,1.0,0.0,-1.0
us-oh:01ktd3cb6fe609hqhkrtnt3xqn,2026-06-05,2026-06-05 19:55,3 leg Same Game Parlay+,+13004,3,False,1.0,0.0,-1.0
us-oh:01ktcyqy7cf6jvy08dar4mzxen,2026-06-05,2026-06-05 18:33,4 leg parlay,+14420,4,False,1.0,0.0,-1.0
us-oh:01ktcypbs3fydbwp1m5tjdeejw,2026-06-05,2026-06-05 18:33,3 leg parlay,+11272,3,False,1.0,0.0,-1.0
us-oh:01ktcg638yey2rf8q3n2vmzed7,2026-06-05,2026-06-05 14:19,3 leg parlay,+10145,3,False,1.0,0.0,-1.0
us-oh:01ktcg3ffmevhtyz83k5f027st,2026-06-05,2026-06-05 14:18,4 leg Same Game Parlay+,+21676,4,False,1.0,0.0,-1.0
us-oh:01ktcfyp87ex9s644jaa7b6ybp,2026-06-05,2026-06-05 14:15,4 leg Same Game Parlay+,+23693,4,False,1.0,0.0,-1.0
O/2072111/0001859,2026-06-04,2026-06-04 16:58,3 leg Same Game Parlay+,+12416,3,False,3.0,0.0,-3.0
us-oh:01ktafac6ef95v5d218fhkvpnd,2026-06-04,2026-06-04 19:25,3 leg parlay,+12333,3,False,1.0,0.0,-1.0
us-oh:01ktacaf2jfr88dyds7117jbsb,2026-06-04,2026-06-04 18:33,3 leg Same Game Parlay+,+8776,3,False,1.0,0.0,-1.0
us-oh:01kta6q6gzfyrbx0h9fssvnfxq,2026-06-04,2026-06-04 16:55,3 leg parlay,+7361,3,False,1.0,0.0,-1.0
O/2072111/0001860,2026-06-04,2026-06-04 19:25,3 leg Same Game Parlay+,+11359,3,False,1.0,0.0,-1.0
us-oh:01kta6snzte16vwrgbdcs3gatf,2026-06-04,2026-06-04 16:57,3 leg parlay,+11748,3,False,1.0,0.0,-1.0
us-oh:01kt9r8y77ebht92w3kjvq4qba,2026-06-04,2026-06-04 12:43,3 leg parlay,+6314,3,False,1.0,0.0,-1.0
us-oh:01kt9r4ggyecza2zak12jq02c8,2026-06-04,2026-06-04 12:40,3 leg parlay,+7671,3,False,1.0,0.0,-1.0
us-oh:01kt9rdmwzf3ps74e1a3ht0env,2026-06-04,2026-06-04 12:45,3 leg parlay,+11111,3,False,1.0,0.0,-1.0
us-oh:01kt9rath6edkapmw37jj10vxr,2026-06-04,2026-06-04 12:44,3 leg parlay,+9256,3,False,1.0,0.0,-1.0
us-oh:01kt9r70mdecps2amzdgck74bc,2026-06-04,2026-06-04 12:42,3 leg Same Game Parlay+,+11858,3,False,1.0,0.0,-1.0
O/2072111/0001857,2026-06-03,2026-06-03 22:02,Same Game Parlay™,+4187,2,False,1.0,0.0,-1.0
O/2072111/0001854,2026-06-03,2026-06-03 19:05,3 leg Same Game Parlay+,+13400,3,False,1.0,0.0,-1.0
O/2072111/0001856,2026-06-03,2026-06-03 22:01,3 leg Same Game Parlay+,+14611,3,False,1.0,0.0,-1.0
O/2072111/0001858,2026-06-03,2026-06-03 22:02,3 leg Same Game Parlay+,+22621,3,False,1.0,0.0,-1.0
O/2072111/0001853,2026-06-03,2026-06-03 19:05,3 leg Same Game Parlay+,+11943,3,False,1.0,0.0,-1.0
O/2072111/0001851,2026-06-03,2026-06-03 19:05,3 leg Same Game Parlay+,+9251,3,False,1.0,0.0,-1.0
O/2072111/0001852,2026-06-03,2026-06-03 19:05,3 leg Same Game Parlay+,+12335,3,False,1.0,0.0,-1.0
O/2072111/0001850,2026-06-03,2026-06-03 19:04,3 leg Same Game Parlay+,+11272,3,False,1.0,0.0,-1.0
O/2072111/0001848,2026-06-03,2026-06-03 13:17,3 leg Same Game Parlay+,+12464,3,False,1.0,0.0,-1.0
O/2072111/0001849,2026-06-03,2026-06-03 13:17,4 leg Same Game Parlay+,+34926,4,False,1.0,0.0,-1.0
O/2072111/0001846,2026-06-02,2026-06-02 19:16,3 leg parlay,+11750,3,False,1.0,0.0,-1.0
O/2072111/0001845,2026-06-02,2026-06-02 19:16,4 leg Same Game Parlay+,+35279,4,False,1.0,0.0,-1.0
O/2072111/0001841,2026-06-02,2026-06-02 18:44,3 leg parlay,+13870,3,False,1.0,0.0,-1.0
O/2072111/0001844,2026-06-02,2026-06-02 19:16,3 leg Same Game Parlay+,+16300,3,False,1.0,0.0,-1.0
O/2072111/0001847,2026-06-02,2026-06-02 19:17,3 leg parlay,+30632,3,False,1.0,0.0,-1.0
O/2072111/0001839,2026-06-02,2026-06-02 18:35,3 leg parlay,+12865,3,False,10.0,0.0,-10.0
O/2072111/0001838,2026-06-02,2026-06-02 18:33,3 leg Same Game Parlay+,+8020,3,False,1.0,0.0,-1.0
O/2072111/0001843,2026-06-02,2026-06-02 19:15,4 leg Same Game Parlay+,+41184,4,False,1.0,0.0,-1.0
O/2072111/0001842,2026-06-02,2026-06-02 19:15,4 leg Same Game Parlay+,+35849,4,False,1.0,0.0,-1.0
O/2072111/0001840,2026-06-02,2026-06-02 18:36,3 leg parlay,+17269,3,False,1.0,0.0,-1.0
O/2072111/0001837,2026-06-02,2026-06-02 18:31,4 leg parlay,+23940,4,False,1.0,0.0,-1.0
us-oh:01kt246nccfpcscvpmgka2g8mf,2026-06-01,2026-06-01 13:37,Same Game Parlay™,+7131,3,False,1.0,0.0,-1.0
us-oh:01kt2gt0vhf7jry9t5e3vk0frh,2026-06-01,2026-06-01 17:18,3 leg Same Game Parlay+,+8019,3,False,1.0,0.0,-1.0
us-oh:01kt240mgre529j3szf0qcejey,2026-06-01,2026-06-01 13:34,3 leg parlay,+8347,3,False,5.0,0.0,-5.0
us-oh:01kt23psctfd98hw42jz95fftw,2026-06-01,2026-06-01 13:29,3 leg Same Game Parlay+,+17305,3,False,1.0,0.0,-1.0
us-oh:01kt23ncyrea6vsc3rfzvd8mb5,2026-06-01,2026-06-01 13:28,3 leg Same Game Parlay+,+7094,3,False,1.0,0.0,-1.0
us-oh:01kt23ncyrfvjbjgz20rjk080k,2026-06-01,2026-06-01 13:28,Same Game Parlay™,+1793,2,False,1.0,0.0,-1.0
us-oh:01kt2gp1zsfmhv4b9rvzts8v7j,2026-06-01,2026-06-01 17:15,3 leg parlay,+33506,3,False,1.0,0.0,-1.0
us-oh:01kt23hqc9f9h9azng02n25dj1,2026-06-01,2026-06-01 13:26,Same Game Parlay™,+19473,3,False,1.0,0.0,-1.0
O/2072111/0001836,2026-06-01,2026-06-01 18:18,3 leg parlay,+15819,3,False,10.0,0.0,-10.0
O/2072111/0001835,2026-06-01,2026-06-01 13:24,3 leg parlay,+8997,3,False,1.0,0.0,-1.0
us-oh:01kt23kfzbe5ks0she8kga6bcc,2026-06-01,2026-06-01 13:27,3 leg Same Game Parlay+,+14962,3,False,1.0,0.0,-1.0
us-oh:01kt23kfzbe41t2vk7hdev9frw,2026-06-01,2026-06-01 13:27,Same Game Parlay™,+3665,2,False,1.0,0.0,-1.0
O/2072111/0001832,2026-05-31,2026-05-31 19:21,Same Game Parlay™,+14229,3,False,1.0,0.0,-1.0
O/2072111/0001831,2026-05-31,2026-05-31 17:33,Same Game Parlay™,+13477,3,False,1.0,0.0,-1.0
O/2072111/0001834,2026-05-31,2026-05-31 19:25,Same Game Parlay™,+17313,3,False,1.0,0.0,-1.0
O/2072111/0001833,2026-05-31,2026-05-31 19:23,Same Game Parlay™,+9736,3,False,1.0,0.0,-1.0
us-oh:01kszzb4ddeqavnv2gx2a1xb6k,2026-05-31,2026-05-31 17:34,3 leg Same Game Parlay+,+11494,3,False,1.0,0.0,-1.0
O/2072111/0001829,2026-05-31,2026-05-31 14:17,4 leg Same Game Parlay+,+21086,4,False,1.0,0.0,-1.0
O/2072111/0001830,2026-05-31,2026-05-31 15:35,4 leg parlay,+31132,4,False,1.0,0.0,-1.0
O/2072111/0001825,2026-05-31,2026-05-31 13:42,Same Game Parlay™,+1575,2,False,1.0,0.0,-1.0
O/2072111/0001828,2026-05-31,2026-05-31 13:43,3 leg Same Game Parlay+,+8442,3,False,1.0,0.0,-1.0
O/2072111/0001824,2026-05-31,2026-05-31 13:41,3 leg Same Game Parlay+,+8401,3,False,1.0,0.0,-1.0
O/2072111/0001826,2026-05-31,2026-05-31 13:42,4 leg Same Game Parlay+,+24365,4,False,1.0,0.0,-1.0
O/2072111/0001827,2026-05-31,2026-05-31 13:42,3 leg parlay,+12542,3,False,1.0,0.0,-1.0
O/2072111/0001821,2026-05-31,2026-05-31 13:40,4 leg Same Game Parlay+,+28798,4,False,1.0,0.0,-1.0
O/2072111/0001822,2026-05-31,2026-05-31 13:40,4 leg Same Game Parlay+,+26318,4,False,1.0,0.0,-1.0
O/2072111/0001823,2026-05-31,2026-05-31 13:41,4 leg Same Game Parlay+,+33322,4,False,1.0,0.0,-1.0
O/2072111/0001819,2026-05-30,2026-05-30 19:16,4 leg parlay,+19726,4,False,1.0,0.0,-1.0
O/2072111/0001816,2026-05-30,2026-05-30 19:07,4 leg Same Game Parlay+,+26569,4,False,1.0,0.0,-1.0
O/2072111/0001817,2026-05-30,2026-05-30 19:08,4 leg parlay,+59165,4,False,1.0,0.0,-1.0
O/2072111/0001818,2026-05-30,2026-05-30 19:10,3 leg parlay,+14459,3,False,1.0,0.0,-1.0
O/2072111/0001815,2026-05-30,2026-05-30 19:05,3 leg parlay,+14184,3,False,1.0,0.0,-1.0
O/2072111/0001813,2026-05-30,2026-05-30 17:49,3 leg Same Game Parlay+,+9564,3,False,1.0,0.0,-1.0
O/2072111/0001820,2026-05-30,2026-05-30 19:18,4 leg Same Game Parlay+,+19535,4,False,1.0,0.0,-1.0
O/2072111/0001814,2026-05-30,2026-05-30 19:04,Same Game Parlay™,+12745,4,False,7.73,0.0,-7.73
us-oh:01ksxdvsqtejmbcqrgpggnw75h,2026-05-30,2026-05-30 17:50,4 leg Same Game Parlay+,+16781,4,False,1.0,0.0,-1.0
O/2072111/0001812,2026-05-30,2026-05-30 15:32,3 leg Same Game Parlay+,+14268,3,False,1.0,0.0,-1.0
O/2072111/0001811,2026-05-30,2026-05-30 15:31,4 leg Same Game Parlay+,+23241,4,False,1.0,0.0,-1.0
O/2072111/0001809,2026-05-30,2026-05-30 15:26,3 leg parlay,+7628,3,False,1.0,0.0,-1.0
O/2072111/0001810,2026-05-30,2026-05-30 15:29,3 leg Same Game Parlay+,+12352,3,False,1.0,0.0,-1.0
O/2072111/0001808,2026-05-30,2026-05-30 15:24,3 leg parlay,+10409,3,False,1.0,0.0,-1.0
us-oh:01ksx5rk4gf43tachbeeqbg3fs,2026-05-30,2026-05-30 15:28,3 leg parlay,+16270,3,False,1.0,0.0,-1.0
O/2072111/0001801,2026-05-29,2026-05-29 08:57,3 leg parlay,+5040,3,False,1.0,0.0,-1.0
O/2072111/0001804,2026-05-29,2026-05-29 14:53,3 leg parlay,+11753,3,False,1.0,0.0,-1.0
O/2072111/0001807,2026-05-29,2026-05-29 14:56,3 leg parlay,+9396,3,False,1.0,0.0,-1.0
O/2072111/0001803,2026-05-29,2026-05-29 14:51,4 leg parlay,+36183,4,False,10.0,0.0,-10.0
O/2072111/0001802,2026-05-29,2026-05-29 09:01,4 leg Same Game Parlay+,+23254,4,False,1.0,0.0,-1.0
O/2072111/0001806,2026-05-29,2026-05-29 14:56,4 leg Same Game Parlay+,+18870,4,False,1.0,0.0,-1.0
O/2072111/0001805,2026-05-29,2026-05-29 14:54,3 leg parlay,+6491,3,False,1.0,0.0,-1.0
O/2072111/0001800,2026-05-29,2026-05-29 08:55,3 leg parlay,+7132,3,False,1.0,0.0,-1.0
O/2072111/0001796,2026-05-28,2026-05-28 17:22,3 leg Same Game Parlay+,+6062,3,False,1.0,0.0,-1.0
O/2072111/0001798,2026-05-28,2026-05-28 18:03,3 leg Same Game Parlay+,+7423,3,False,1.0,0.0,-1.0
us-oh:01ksr9xm4cfp1t3qrnr4rh7e1n,2026-05-28,2026-05-28 18:05,3 leg Same Game Parlay+,+18748,3,False,1.0,0.0,-1.0
O/2072111/0001799,2026-05-28,2026-05-28 18:04,3 leg Same Game Parlay+,+30990,3,False,1.0,0.0,-1.0
O/2072111/0001797,2026-05-28,2026-05-28 18:02,3 leg Same Game Parlay+,+7984,3,False,1.0,0.0,-1.0
us-oh:01ksr6wzvdek1a0da9vkqmsfb5,2026-05-28,2026-05-28 17:12,3 leg Same Game Parlay+,+12130,3,False,1.0,0.0,-1.0
us-oh:01ksqwzwyte4z8fmcpre0w1wk3,2026-05-28,2026-05-28 14:19,3 leg Same Game Parlay+,+10640,3,False,1.0,0.0,-1.0
O/2072111/0001795,2026-05-28,2026-05-28 12:50,3 leg Same Game Parlay+,+15523,3,False,1.0,0.0,-1.0
O/2072111/0001792,2026-05-27,2026-05-27 18:39,3 leg Same Game Parlay+,+9780,3,False,1.0,0.0,-1.0
us-oh:01ksnsnxtxe1fa6jxnw5q8v542,2026-05-27,2026-05-27 18:42,4 leg parlay,+25985,4,False,1.0,0.0,-1.0
O/2072111/0001794,2026-05-27,2026-05-27 18:49,4 leg Same Game Parlay+,+20435,4,False,1.0,0.0,-1.0
O/2072111/0001791,2026-05-27,2026-05-27 18:38,3 leg Same Game Parlay+,+10876,3,False,1.0,0.0,-1.0
O/2072111/0001793,2026-05-27,2026-05-27 18:49,2 leg parlay,+2144,2,False,1.0,0.0,-1.0
O/2072111/0001790,2026-05-27,2026-05-27 18:36,3 leg Same Game Parlay+,+10993,3,False,1.0,0.0,-1.0
O/2072111/0001789,2026-05-27,2026-05-27 18:35,3 leg parlay,+20263,3,False,1.0,0.0,-1.0
O/2072111/0001788,2026-05-27,2026-05-27 14:49,4 leg Same Game Parlay+,+16749,4,False,1.0,0.0,-1.0
O/2072111/0001787,2026-05-27,2026-05-27 14:45,3 leg parlay,+19653,3,False,1.0,0.0,-1.0
O/2072111/0001786,2026-05-27,2026-05-27 13:18,3 leg parlay,+36405,3,False,1.0,0.0,-1.0
us-oh:01ksn6r0snfddr5dpygppbh6w7,2026-05-27,2026-05-27 13:12,3 leg parlay,+13626,3,False,1.0,0.0,-1.0
us-oh:01ksn6nrqsfzqrnnmtkk8dc43m,2026-05-27,2026-05-27 13:10,2 leg parlay,+1991,2,False,1.0,0.0,-1.0
O/2072111/0001785,2026-05-27,2026-05-27 13:17,3 leg parlay,+12446,3,False,1.0,0.0,-1.0
us-oh:01ksn6wnx7fc6vyxd1r88kfnzz,2026-05-27,2026-05-27 13:14,Same Game Parlay™,+8324,3,False,1.0,0.0,-1.0
O/2072111/0001784,2026-05-26,2026-05-26 22:09,3 leg parlay,+20876,3,False,10.0,0.0,-10.0
us-oh:01kskk3n2qewk8vpfdwac7xrs9,2026-05-26,2026-05-26 22:09,3 leg Same Game Parlay+,+12162,3,False,1.0,0.0,-1.0
us-oh:01kskjxe5aennvkrzvz570qqgn,2026-05-26,2026-05-26 22:06,3 leg parlay,+8395,3,False,1.0,0.0,-1.0
us-oh:01ksk21t8re2wrf47cx60n5tcw,2026-05-26,2026-05-26 17:11,4 leg parlay,+28283,4,False,1.0,0.0,-1.0
us-oh:01ksjkz83xetftkd1g1rbbtyjm,2026-05-26,2026-05-26 13:05,4 leg parlay,+19455,4,False,1.0,0.0,-1.0
O/2072111/0001783,2026-05-26,2026-05-26 19:46,3 leg parlay,+7823,3,False,25.0,0.0,-25.0
us-oh:01kskbhat4fgzb2xdncykakdeb,2026-05-26,2026-05-26 19:57,4 leg Same Game Parlay+,+15331,4,False,1.0,0.0,-1.0
us-oh:01ksjyxgzbfdnt19ty4kvk5zqt,2026-05-26,2026-05-26 16:16,3 leg Same Game Parlay+,+10540,3,False,1.0,0.0,-1.0
O/2072111/0001782,2026-05-26,2026-05-26 18:21,3 leg parlay,+34954,3,False,10.0,0.0,-10.0
us-oh:01ksjyg3y7eha89jkexp61d1kh,2026-05-26,2026-05-26 16:09,3 leg Same Game Parlay+,+28617,3,False,1.0,0.0,-1.0
us-oh:01ksjyr2ftfsjvpmcpf8jy1ka2,2026-05-26,2026-05-26 16:13,3 leg Same Game Parlay+,+10847,3,False,1.0,0.0,-1.0
us-oh:01ksjypsq4f37sjxqmm34jc417,2026-05-26,2026-05-26 16:13,3 leg Same Game Parlay+,+7074,3,False,1.0,0.0,-1.0
O/2072111/0001781,2026-05-26,2026-05-26 17:04,3 leg parlay,+74420,3,False,1.0,0.0,-1.0
us-oh:01ksk3qg2efm6vnmgjjwnmve0q,2026-05-26,2026-05-26 17:40,3 leg Same Game Parlay+,+30245,3,False,1.0,0.0,-1.0
us-oh:01ksjymkb6fd5trz47btqkg03j,2026-05-26,2026-05-26 16:11,Same Game Parlay™,+17500,3,False,1.0,0.0,-1.0
us-oh:01ksgt2a91f6hbz9qcm6r1jjds,2026-05-25,2026-05-25 20:13,3 leg Same Game Parlay+,+7699,3,False,1.0,0.0,-1.0
us-oh:01ksgt5wk3evy8341k4yc4znec,2026-05-25,2026-05-25 20:15,4 leg Same Game Parlay+,+19402,4,False,1.0,0.0,-1.0
O/2072111/0001780,2026-05-25,2026-05-25 18:38,3 leg parlay,+10573,3,False,1.0,105.73,104.73
O/2072111/0001779,2026-05-25,2026-05-25 17:02,3 leg Same Game Parlay+,+14131,3,False,1.0,0.0,-1.0
O/2072111/0001778,2026-05-25,2026-05-25 14:19,3 leg parlay,+17775,3,False,1.0,0.0,-1.0
O/2072111/0001776,2026-05-25,2026-05-25 12:08,3 leg parlay,+46940,3,False,1.0,0.0,-1.0
O/2072111/0001773,2026-05-25,2026-05-25 11:56,4 leg parlay,+62799,4,False,1.0,0.0,-1.0
O/2072111/0001775,2026-05-25,2026-05-25 12:06,3 leg parlay,+21423,3,False,1.0,0.0,-1.0
O/2072111/0001777,2026-05-25,2026-05-25 13:22,4 leg Same Game Parlay+,+75388,4,False,5.0,0.0,-5.0
O/2072111/0001774,2026-05-25,2026-05-25 11:58,3 leg parlay,+10980,3,False,1.0,0.0,-1.0
O/2072111/0001772,2026-05-25,2026-05-25 11:54,3 leg parlay,+10573,3,False,1.0,0.0,-1.0
O/2072111/0001771,2026-05-24,2026-05-24 20:08,Same Game Parlay™,+50016,3,False,1.0,0.0,-1.0
O/2072111/0001766,2026-05-24,2026-05-24 12:26,3 leg parlay,+20113,3,False,1.0,0.0,-1.0
O/2072111/0001769,2026-05-24,2026-05-24 12:32,3 leg parlay,+20551,3,False,1.0,0.0,-1.0
O/2072111/0001767,2026-05-24,2026-05-24 12:28,3 leg parlay,+50849,3,False,1.0,0.0,-1.0
O/2072111/0001765,2026-05-24,2026-05-24 12:24,3 leg parlay,+16897,3,False,1.0,0.0,-1.0
O/2072111/0001770,2026-05-24,2026-05-24 12:35,3 leg parlay,+34954,3,False,1.0,0.0,-1.0
O/2072111/0001768,2026-05-24,2026-05-24 12:31,3 leg parlay,+15037,3,False,1.0,0.0,-1.0
O/2072111/0001762,2026-05-23,2026-05-23 17:14,3 leg parlay,+34049,3,False,1.0,0.0,-1.0
O/2072111/0001763,2026-05-23,2026-05-23 17:16,3 leg Same Game Parlay+,+12890,3,False,1.0,0.0,-1.0
O/2072111/0001761,2026-05-23,2026-05-23 17:13,3 leg Same Game Parlay+,+13477,3,False,1.0,0.0,-1.0
O/2072111/0001756,2026-05-23,2026-05-23 13:07,3 leg parlay,+27691,3,False,1.0,0.0,-1.0
O/2072111/0001760,2026-05-23,2026-05-23 17:07,3 leg parlay,+11307,3,False,1.0,0.0,-1.0
O/2072111/0001757,2026-05-23,2026-05-23 13:15,3 leg parlay,+53878,3,False,1.0,0.0,-1.0
O/2072111/0001755,2026-05-23,2026-05-23 13:01,3 leg parlay,+14933,3,False,1.0,0.0,-1.0
O/2072111/0001758,2026-05-23,2026-05-23 13:16,2 leg parlay,+13808,2,False,1.0,0.0,-1.0
O/2072111/0001759,2026-05-23,2026-05-23 13:20,3 leg parlay,+15672,3,False,1.0,0.0,-1.0
O/2072111/0001752,2026-05-22,2026-05-22 21:13,3 leg parlay,+17647,3,False,1.0,0.0,-1.0
O/2072111/0001751,2026-05-22,2026-05-22 21:09,3 leg parlay,+17130,3,False,1.0,0.0,-1.0
O/2072111/0001753,2026-05-22,2026-05-22 21:15,3 leg Same Game Parlay+,+15878,3,False,1.0,0.0,-1.0
O/2072111/0001754,2026-05-22,2026-05-22 21:16,3 leg Same Game Parlay+,+31347,3,False,1.0,0.0,-1.0
O/2072111/0001744,2026-05-22,2026-05-22 17:51,3 leg parlay,+20351,3,False,1.0,0.0,-1.0
O/2072111/0001737,2026-05-22,2026-05-22 13:49,3 leg Same Game Parlay+,+10481,3,False,1.0,0.0,-1.0
O/2072111/0001748,2026-05-22,2026-05-22 19:29,3 leg Same Game Parlay+,+10244,3,False,1.0,0.0,-1.0
O/2072111/0001749,2026-05-22,2026-05-22 19:30,3 leg parlay,+16572,3,False,1.0,0.0,-1.0
O/2072111/0001750,2026-05-22,2026-05-22 19:34,2 leg parlay,+3920,2,False,1.0,0.0,-1.0
O/2072111/0001746,2026-05-22,2026-05-22 18:02,3 leg parlay,+35034,3,False,1.0,0.0,-1.0
O/2072111/0001747,2026-05-22,2026-05-22 18:19,4 leg parlay,+116004,4,False,1.0,0.0,-1.0
O/2072111/0001743,2026-05-22,2026-05-22 17:48,3 leg parlay,+16897,3,False,1.0,0.0,-1.0
O/2072111/0001745,2026-05-22,2026-05-22 17:55,4 leg parlay,+59089,4,False,1.0,0.0,-1.0
O/2072111/0001741,2026-05-22,2026-05-22 14:09,4 leg parlay,+26312,4,False,1.0,0.0,-1.0
O/2072111/0001740,2026-05-22,2026-05-22 14:01,3 leg parlay,+32842,3,False,1.0,0.0,-1.0
O/2072111/0001742,2026-05-22,2026-05-22 14:51,4 leg Same Game Parlay+,+483450,4,False,5.0,0.0,-5.0
O/2072111/0001738,2026-05-22,2026-05-22 13:50,Same Game Parlay™,+12134,2,False,1.0,0.0,-1.0
O/2072111/0001739,2026-05-22,2026-05-22 13:54,3 leg Same Game Parlay+,+16772,3,False,1.0,0.0,-1.0
O/2072111/0001736,2026-05-22,2026-05-22 13:47,3 leg Same Game Parlay+,+27205,3,False,1.0,0.0,-1.0
O/2072111/0001735,2026-05-21,2026-05-21 21:32,3 leg Same Game Parlay+,+11061,3,False,1.0,0.0,-1.0
O/2072111/0001734,2026-05-21,2026-05-21 21:32,4 leg Same Game Parlay+,+32667,4,False,1.0,0.0,-1.0
O/2072111/0001733,2026-05-21,2026-05-21 17:56,4 leg Same Game Parlay+,+29671,4,False,1.0,0.0,-1.0
O/2072111/0001732,2026-05-21,2026-05-21 16:16,3 leg Same Game Parlay+,+16082,3,False,25.0,0.0,-25.0
O/2072111/0001728,2026-05-21,2026-05-21 12:20,3 leg parlay,+10556,3,False,1.0,0.0,-1.0
O/2072111/0001731,2026-05-21,2026-05-21 16:06,4 leg Same Game Parlay+,+36694,4,False,10.0,0.0,-10.0
O/2072111/0001726,2026-05-21,2026-05-21 12:16,3 leg parlay,+30647,3,False,1.0,0.0,-1.0
O/2072111/0001730,2026-05-21,2026-05-21 12:51,3 leg Same Game Parlay+,+25209,3,False,1.0,0.0,-1.0
O/2072111/0001727,2026-05-21,2026-05-21 12:19,3 leg parlay,+22256,3,False,1.0,0.0,-1.0
O/2072111/0001729,2026-05-21,2026-05-21 12:42,3 leg parlay,+34694,3,False,1.0,0.0,-1.0
O/2072111/0001725,2026-05-20,2026-05-20 17:04,Same Game Parlay™,+62849,3,False,1.0,0.0,-1.0
us-oh:01ks3k4gq5eweb0te29grtkmvg,2026-05-20,2026-05-20 17:02,Same Game Parlay™,+10953,2,False,1.0,0.0,-1.0
us-oh:01ks3mkrxwf638wjhccq04y3dg,2026-05-20,2026-05-20 17:28,3 leg parlay,+22552,3,False,1.0,0.0,-1.0
us-oh:01ks3jy99se8mvy0pa7zqbxpwn,2026-05-20,2026-05-20 16:58,4 leg Same Game Parlay+,+34853,4,False,1.0,0.0,-1.0
us-oh:01ks3mznctfkt920cxdppb7rp0,2026-05-20,2026-05-20 17:34,4 leg Same Game Parlay+,+30255,4,False,1.0,0.0,-1.0
O/2072111/0001724,2026-05-20,2026-05-20 15:46,4 leg Same Game Parlay+,+92734,4,False,10.0,0.0,-10.0
O/2072111/0001722,2026-05-20,2026-05-20 10:59,3 leg parlay,+129068,3,False,1.0,0.0,-1.0
O/2072111/0001723,2026-05-20,2026-05-20 11:46,3 leg parlay,+24311,3,False,10.0,0.0,-10.0
us-oh:01ks35hycpfc4bnkcw2egwnyb8,2026-05-20,2026-05-20 13:04,4 leg parlay,+45135,4,False,1.0,0.0,-1.0
us-oh:01ks30rempfet8wp5v9xddmcv3,2026-05-20,2026-05-20 11:41,3 leg parlay,+19891,3,False,1.0,0.0,-1.0
us-oh:01ks358vfafgpb4de14cxb9fq8,2026-05-20,2026-05-20 12:59,3 leg parlay,+30163,3,False,1.0,0.0,-1.0
O/2072111/0001721,2026-05-19,2026-05-19 21:07,3 leg Same Game Parlay+,+16612,3,False,25.0,0.0,-25.0
us-oh:01ks1jkfemeqm9sm4pf4c4d1tv,2026-05-19,2026-05-19 22:14,3 leg parlay,+31820,3,False,1.0,0.0,-1.0
us-oh:01ks0r6qrefs0r5x3d6eckac9k,2026-05-19,2026-05-19 14:33,3 leg parlay,+21324,3,False,1.0,0.0,-1.0
us-oh:01ks0zqs44ek4skesmh8gjgbj7,2026-05-19,2026-05-19 16:44,3 leg parlay,+23811,3,False,1.0,0.0,-1.0
O/2072111/0001720,2026-05-19,2026-05-19 18:06,3 leg parlay,+136832,3,False,1.0,0.0,-1.0
O/2072111/0001719,2026-05-19,2026-05-19 16:54,4 leg parlay,+67834,3,False,1.0,0.0,-1.0
O/2072111/0001718,2026-05-19,2026-05-19 16:42,3 leg parlay,+77345,3,False,1.0,0.0,-1.0
us-oh:01ks0rv0a5f6javsr8zgc4p756,2026-05-19,2026-05-19 14:44,3 leg parlay,+25507,3,False,1.0,0.0,-1.0
us-oh:01ks15ekekfv6aecehh7j1d53v,2026-05-19,2026-05-19 18:24,3 leg parlay,+15697,3,False,1.0,0.0,-1.0
us-oh:01ks14kzeqfdsta64q627qt3ns,2026-05-19,2026-05-19 18:10,3 leg Same Game Parlay+,+20538,3,False,1.0,0.0,-1.0
us-oh:01ks0zyz84f33rf47j03jfdqa9,2026-05-19,2026-05-19 16:48,3 leg parlay,+10564,3,False,1.0,0.0,-1.0
us-oh:01ks0zfmcee099906f6s5vygc4,2026-05-19,2026-05-19 16:40,4 leg Same Game Parlay+,+48938,4,False,1.0,0.0,-1.0
O/2072111/0001717,2026-05-19,2026-05-19 14:41,3 leg Same Game Parlay+,+14955,3,False,10.0,0.0,-10.0
O/2072111/0001716,2026-05-18,2026-05-18 21:18,3 leg parlay,+68717,3,False,1.0,0.0,-1.0
us-oh:01krytkv2pf4m86ew5kts59syn,2026-05-18,2026-05-18 20:36,3 leg parlay,+45065,3,False,1.0,0.0,-1.0
us-oh:01kryjkpmseaebanxysmwaywtx,2026-05-18,2026-05-18 18:16,3 leg Same Game Parlay+,+54189,3,False,1.0,0.0,-1.0
us-oh:01kryde0pzex6att273hjdxwwv,2026-05-18,2026-05-18 16:46,3 leg parlay,+57321,3,False,1.0,0.0,-1.0
us-oh:01kryjwm0tfst8qy1egna5r334,2026-05-18,2026-05-18 18:21,3 leg parlay,+19977,3,False,1.0,0.0,-1.0
us-oh:01kryd0ht5e8ermaajg6xq6rc5,2026-05-18,2026-05-18 16:39,3 leg parlay,+27196,3,False,1.0,0.0,-1.0
us-oh:01krymwbtgfwzrdjpj7bwx62rc,2026-05-18,2026-05-18 18:56,3 leg parlay,+26205,3,False,1.0,0.0,-1.0
us-oh:01krymnnr5fvq8vb2vr0k49xpv,2026-05-18,2026-05-18 18:52,3 leg parlay,+17456,3,False,1.0,0.0,-1.0
us-oh:01krydmayde15rq8mtyey2te6a,2026-05-18,2026-05-18 16:49,3 leg Same Game Parlay+,+34730,3,False,1.0,0.0,-1.0
O/2072111/0001715,2026-05-17,2026-05-17 17:03,Same Game Parlay™,+13101,3,False,1.0,0.0,-1.0
O/2072111/0001714,2026-05-17,2026-05-17 16:50,3 leg Same Game Parlay+,+21886,3,False,1.0,0.0,-1.0
O/2072111/0001713,2026-05-17,2026-05-17 16:49,3 leg Same Game Parlay+,+10083,3,False,1.0,0.0,-1.0
O/2072111/0001712,2026-05-17,2026-05-17 15:39,4 leg Same Game Parlay+,+14407,3,False,1.0,0.0,-1.0
O/2072111/0001710,2026-05-17,2026-05-17 12:34,3 leg parlay,+21810,3,False,1.0,0.0,-1.0
O/2072111/0001707,2026-05-17,2026-05-17 09:57,3 leg parlay,+9564,3,False,1.0,0.0,-1.0
O/2072111/0001706,2026-05-17,2026-05-17 09:54,4 leg parlay,+79388,4,False,1.0,0.0,-1.0
O/2072111/0001708,2026-05-17,2026-05-17 11:52,3 leg parlay,+12703,3,False,1.0,0.0,-1.0
O/2072111/0001709,2026-05-17,2026-05-17 11:56,3 leg parlay,+18729,3,False,1.0,0.0,-1.0
O/2072111/0001705,2026-05-17,2026-05-17 09:50,3 leg parlay,+64404,3,False,1.0,0.0,-1.0
O/2072111/0001711,2026-05-17,2026-05-17 12:49,Same Game Parlay™,+9505,2,False,1.0,0.0,-1.0
O/2072111/0001703,2026-05-16,2026-05-16 21:46,3 leg Same Game Parlay+,+11194,3,False,1.0,0.0,-1.0
O/2072111/0001704,2026-05-16,2026-05-16 21:50,4 leg Same Game Parlay+,+24080,4,False,1.0,0.0,-1.0
O/2072111/0001702,2026-05-16,2026-05-16 20:11,4 leg Same Game Parlay+,+26521,4,False,1.0,0.0,-1.0
O/2072111/0001701,2026-05-16,2026-05-16 18:11,4 leg parlay,+49770,4,False,1.0,0.0,-1.0
O/2072111/0001700,2026-05-16,2026-05-16 16:43,Same Game Parlay™,+10713,3,False,1.0,0.0,-1.0
O/2072111/0001699,2026-05-16,2026-05-16 16:42,3 leg parlay,+16239,3,False,13.0,0.0,-13.0
O/2072111/0001692,2026-05-16,2026-05-16 12:33,3 leg parlay,+44570,3,False,1.0,0.0,-1.0
O/2072111/0001698,2026-05-16,2026-05-16 16:25,3 leg Same Game Parlay+,+12665,3,False,1.0,0.0,-1.0
O/2072111/0001697,2026-05-16,2026-05-16 16:21,3 leg parlay,+64668,3,False,1.0,0.0,-1.0
O/2072111/0001696,2026-05-16,2026-05-16 14:54,3 leg parlay,+37573,3,False,1.0,0.0,-1.0
O/2072111/0001695,2026-05-16,2026-05-16 13:37,3 leg parlay,+21587,3,False,1.0,0.0,-1.0
O/2072111/0001693,2026-05-16,2026-05-16 12:36,3 leg Same Game Parlay+,+18939,3,False,1.0,0.0,-1.0
O/2072111/0001694,2026-05-16,2026-05-16 12:39,Same Game Parlay™,+16283,3,False,1.0,0.0,-1.0
O/2072111/0001691,2026-05-15,2026-05-15 20:54,3 leg Same Game Parlay+,+10274,3,False,1.0,0.0,-1.0
O/2072111/0001688,2026-05-15,2026-05-15 18:47,3 leg Same Game Parlay+,+12983,3,False,1.0,0.0,-1.0
O/2072111/0001674,2026-05-15,2026-05-15 16:47,3 leg Same Game Parlay+,+10857,3,False,1.0,0.0,-1.0
O/2072111/0001690,2026-05-15,2026-05-15 19:43,4 leg Same Game Parlay+,+17184,4,False,1.0,0.0,-1.0
O/2072111/0001687,2026-05-15,2026-05-15 18:38,4 leg Same Game Parlay+,+10361,4,False,1.0,0.0,-1.0
O/2072111/0001686,2026-05-15,2026-05-15 18:37,3 leg Same Game Parlay+,+10950,3,False,1.0,0.0,-1.0
O/2072111/0001685,2026-05-15,2026-05-15 18:36,4 leg Same Game Parlay+,+46725,4,False,1.0,0.0,-1.0
O/2072111/0001689,2026-05-15,2026-05-15 19:20,3 leg parlay,+26131,3,False,1.0,0.0,-1.0
O/2072111/0001679,2026-05-15,2026-05-15 18:01,3 leg Same Game Parlay+,+14130,3,False,1.0,0.0,-1.0
O/2072111/0001680,2026-05-15,2026-05-15 18:04,3 leg parlay,+10260,3,False,1.0,0.0,-1.0
O/2072111/0001673,2026-05-15,2026-05-15 11:50,3 leg Same Game Parlay+,+108318,3,False,1.0,0.0,-1.0
O/2072111/0001683,2026-05-15,2026-05-15 18:28,3 leg parlay,+14603,3,False,1.0,0.0,-1.0
O/2072111/0001678,2026-05-15,2026-05-15 17:59,4 leg Same Game Parlay+,+44583,4,False,1.0,0.0,-1.0
O/2072111/0001675,2026-05-15,2026-05-15 17:14,3 leg Same Game Parlay+,+121304,3,False,1.0,0.0,-1.0
O/2072111/0001677,2026-05-15,2026-05-15 17:53,3 leg parlay,+22574,3,False,1.0,0.0,-1.0
O/2072111/0001681,2026-05-15,2026-05-15 18:05,3 leg parlay,+34719,3,False,1.0,0.0,-1.0
O/2072111/0001676,2026-05-15,2026-05-15 17:51,3 leg parlay,+58080,3,False,1.0,0.0,-1.0
O/2072111/0001684,2026-05-15,2026-05-15 18:33,4 leg Same Game Parlay+,+31395,4,False,1.0,0.0,-1.0
O/2072111/0001670,2026-05-14,2026-05-14 18:32,3 leg Same Game Parlay+,+7974,3,False,1.0,0.0,-1.0
O/2072111/0001669,2026-05-14,2026-05-14 18:03,3 leg Same Game Parlay+,+13132,3,False,1.0,0.0,-1.0
O/2072111/0001672,2026-05-14,2026-05-14 19:02,3 leg Same Game Parlay+,+25262,3,False,1.0,0.0,-1.0
O/2072111/0001671,2026-05-14,2026-05-14 18:39,3 leg parlay,+20449,3,False,1.0,0.0,-1.0
O/2072111/0001668,2026-05-14,2026-05-14 17:32,3 leg Same Game Parlay+,+23115,3,False,1.0,0.0,-1.0
O/2072111/0001665,2026-05-14,2026-05-14 12:58,Same Game Parlay™,+60767,3,False,1.0,0.0,-1.0
O/2072111/0001667,2026-05-14,2026-05-14 13:10,4 leg Same Game Parlay+,+37646,4,False,1.0,0.0,-1.0
O/2072111/0001664,2026-05-14,2026-05-14 12:57,4 leg Same Game Parlay+,+33092,4,False,1.0,0.0,-1.0
O/2072111/0001666,2026-05-14,2026-05-14 12:59,Same Game Parlay™,+39807,3,False,1.0,0.0,-1.0
O/2072111/0001663,2026-05-14,2026-05-14 12:56,3 leg parlay,+62150,3,False,1.0,0.0,-1.0
O/2072111/0001662,2026-05-13,2026-05-13 22:26,3 leg Same Game Parlay+,+11355,3,False,1.0,0.0,-1.0
O/2072111/0001654,2026-05-13,2026-05-13 14:29,3 leg Same Game Parlay+,+48726,3,False,1.0,0.0,-1.0
O/2072111/0001656,2026-05-13,2026-05-13 17:50,3 leg parlay,+33915,3,False,1.0,0.0,-1.0
O/2072111/0001643,2026-05-13,2026-05-13 10:42,3 leg Same Game Parlay+,+56087,3,False,10.0,0.0,-10.0
O/2072111/0001661,2026-05-13,2026-05-13 19:54,3 leg Same Game Parlay+,+9419,3,False,1.5,0.0,-1.5
O/2072111/0001658,2026-05-13,2026-05-13 18:42,3 leg parlay,+13830,3,False,1.0,0.0,-1.0
O/2072111/0001651,2026-05-13,2026-05-13 11:59,Same Game Parlay™,+24974,4,False,1.0,0.0,-1.0
O/2072111/0001657,2026-05-13,2026-05-13 18:23,3 leg parlay,+43096,3,False,1.0,0.0,-1.0
O/2072111/0001647,2026-05-13,2026-05-13 11:47,3 leg Same Game Parlay+,+11107,3,False,1.0,0.0,-1.0
O/2072111/0001659,2026-05-13,2026-05-13 19:10,3 leg parlay,+15890,3,False,1.0,0.0,-1.0
O/2072111/0001660,2026-05-13,2026-05-13 19:15,3 leg parlay,+89900,3,False,1.0,0.0,-1.0
O/2072111/0001648,2026-05-13,2026-05-13 11:51,4 leg parlay,+25251,4,False,1.0,0.0,-1.0
O/2072111/0001655,2026-05-13,2026-05-13 14:37,2 leg parlay,+6224,2,False,1.0,0.0,-1.0
O/2072111/0001649,2026-05-13,2026-05-13 11:52,3 leg parlay,+26014,3,False,1.0,0.0,-1.0
O/2072111/0001652,2026-05-13,2026-05-13 12:29,4 leg parlay,+78917,4,False,1.0,0.0,-1.0
O/2072111/0001653,2026-05-13,2026-05-13 12:49,4 leg parlay,+130090,4,False,5.0,0.0,-5.0
O/2072111/0001644,2026-05-13,2026-05-13 11:31,3 leg parlay,+14172,3,False,1.0,0.0,-1.0
O/2072111/0001646,2026-05-13,2026-05-13 11:34,4 leg Same Game Parlay+,+32629,3,False,1.0,0.0,-1.0
O/2072111/0001650,2026-05-13,2026-05-13 11:54,2 leg parlay,+11528,2,False,1.0,0.0,-1.0
O/2072111/0001645,2026-05-13,2026-05-13 11:32,3 leg Same Game Parlay+,+17499,3,False,1.0,0.0,-1.0
O/2072111/0001641,2026-05-12,2026-05-12 21:45,4 leg Same Game Parlay+,+11679,4,False,10.0,0.0,-10.0
O/2072111/0001640,2026-05-12,2026-05-12 21:41,4 leg Same Game Parlay+,+15182,4,False,1.0,0.0,-1.0
O/2072111/0001636,2026-05-12,2026-05-12 20:03,4 leg Same Game Parlay+,+19469,4,False,1.0,0.0,-1.0
O/2072111/0001639,2026-05-12,2026-05-12 21:40,3 leg Same Game Parlay+,+10179,3,False,1.0,0.0,-1.0
O/2072111/0001638,2026-05-12,2026-05-12 21:39,4 leg Same Game Parlay+,+14504,4,False,1.0,0.0,-1.0
O/2072111/0001620,2026-05-12,2026-05-12 10:58,3 leg parlay,+8301,3,False,1.0,0.0,-1.0
O/2072111/0001623,2026-05-12,2026-05-12 17:13,3 leg parlay,+72294,3,False,1.0,0.0,-1.0
O/2072111/0001635,2026-05-12,2026-05-12 20:01,3 leg Same Game Parlay+,+17898,3,False,1.0,0.0,-1.0
O/2072111/0001629,2026-05-12,2026-05-12 17:44,3 leg Same Game Parlay+,+17596,3,False,1.0,0.0,-1.0
O/2072111/0001631,2026-05-12,2026-05-12 18:13,2 leg parlay,+1876,2,False,1.0,0.0,-1.0
O/2072111/0001630,2026-05-12,2026-05-12 17:56,4 leg parlay,+27527,4,False,1.0,0.0,-1.0
O/2072111/0001633,2026-05-12,2026-05-12 18:22,Same Game Parlay™,+20577,4,False,1.0,0.0,-1.0
O/2072111/0001618,2026-05-12,2026-05-12 10:56,4 leg parlay,+29299,4,False,1.0,0.0,-1.0
O/2072111/0001621,2026-05-12,2026-05-12 10:59,2 leg parlay,+3263,2,False,1.0,0.0,-1.0
O/2072111/0001625,2026-05-12,2026-05-12 17:39,2 leg parlay,+10430,2,False,1.0,0.0,-1.0
O/2072111/0001632,2026-05-12,2026-05-12 18:16,3 leg Same Game Parlay+,+47825,3,False,1.0,0.0,-1.0
O/2072111/0001622,2026-05-12,2026-05-12 17:12,3 leg parlay,+28125,3,False,10.0,0.0,-10.0
